Date,EURO
01/07/2025,100.8476
30/06/2025,100.4451
27/06/2025,100.1992
26/06/2025,100.1353
25/06/2025,99.7646
24/06/2025,100.0308
23/06/2025,99.8969
20/06/2025,99.756
19/06/2025,99.339
18/06/2025,99.3394
17/06/2025,99.5916
16/06/2025,99.3958
13/06/2025,99.3151
12/06/2025,98.5475
11/06/2025,97.5642
10/06/2025,97.613
09/06/2025,97.6625
06/06/2025,98.1132
05/06/2025,97.8916
04/06/2025,97.7066
03/06/2025,97.5994
02/06/2025,97.4156
30/05/2025,96.9375
29/05/2025,96.2595
28/05/2025,96.9072
27/05/2025,97.1306
26/05/2025,96.9093
23/05/2025,96.9367
22/05/2025,97.1205
21/05/2025,97.0343
20/05/2025,96.198
19/05/2025,95.6832
16/05/2025,95.9554
15/05/2025,95.9939
14/05/2025,95.4117
13/05/2025,94.2962
09/05/2025,96.2882
08/05/2025,95.7568
07/05/2025,96.1319
06/05/2025,95.6926
05/05/2025,95.4028
02/05/2025,94.9483
30/04/2025,96.737
29/04/2025,97.0792
28/04/2025,96.8605
25/04/2025,97.1245
24/04/2025,97.0516
23/04/2025,97.2976
22/04/2025,97.9788
21/04/2025,98.0268
17/04/2025,97.2552
16/04/2025,97.3668
15/04/2025,97.2073
11/04/2025,97.1097
09/04/2025,95.8054
08/04/2025,94.2972
07/04/2025,94.4605
04/04/2025,94.3401
03/04/2025,93.7438
02/04/2025,92.3901
28/03/2025,92.3246
27/03/2025,92.4452
26/03/2025,92.6118
25/03/2025,92.5875
24/03/2025,93.0171
21/03/2025,93.3452
20/03/2025,94.0236
19/03/2025,94.4943
18/03/2025,94.5523
17/03/2025,94.4187
13/03/2025,94.7472
12/03/2025,95.1355
11/03/2025,94.8973
10/03/2025,94.5528
07/03/2025,94.1979
06/03/2025,94.0888
05/03/2025,92.6314
04/03/2025,91.5885
03/03/2025,90.9498
28/02/2025,90.7807
27/02/2025,91.3126
25/02/2025,91.1568
24/02/2025,91.1117
21/02/2025,90.9108
20/02/2025,90.4467
18/02/2025,90.957
17/02/2025,91.0262
14/02/2025,90.8581
13/02/2025,90.6732
12/02/2025,89.961
11/02/2025,89.5442
10/02/2025,90.3564
07/02/2025,90.761
06/02/2025,90.9836
05/02/2025,90.6022
04/02/2025,89.7011
03/02/2025,89.2674
31/01/2025,90.0094
30/01/2025,90.1821
29/01/2025,90.3896
28/01/2025,90.3347
27/01/2025,90.4031
24/01/2025,90.2149
23/01/2025,89.9897
22/01/2025,90.0807
21/01/2025,89.7755
20/01/2025,89.2051
17/01/2025,89.0798
16/01/2025,88.9687
15/01/2025,89.0733
14/01/2025,88.695
13/01/2025,88.3563
10/01/2025,88.3488
09/01/2025,88.4731
08/01/2025,88.8946
07/01/2025,89.1382
06/01/2025,88.52
03/01/2025,88.1056
02/01/2025,88.8924
01/01/2025,88.7597
31/12/2024,89.0852
30/12/2024,89.136
27/12/2024,89.1109
26/12/2024,88.6712
24/12/2024,88.5646
23/12/2024,88.781
20/12/2024,88.1705
19/12/2024,88.3595
18/12/2024,89.2592
17/12/2024,89.1659
16/12/2024,89.1769
13/12/2024,88.7398
12/12/2024,89.1961
11/12/2024,89.2947
10/12/2024,89.6552
09/12/2024,89.3189
06/12/2024,89.5324
05/12/2024,89.2001
04/12/2024,89.1098
03/12/2024,88.9054
02/12/2024,89.1275
29/11/2024,89.3568
28/11/2024,89.1168
27/11/2024,88.5338
26/11/2024,88.3184
25/11/2024,88.3656
22/11/2024,88.4458
21/11/2024,89.077
19/11/2024,89.4217
18/11/2024,88.9686
14/11/2024,89.063
13/11/2024,89.5658
12/11/2024,89.7707
11/11/2024,90.4256
08/11/2024,90.9243
07/11/2024,90.6565
06/11/2024,90.2472
05/11/2024,91.5139
04/11/2024,91.6565
31/10/2024,91.2505
30/10/2024,90.9903
29/10/2024,90.8791
28/10/2024,90.746
25/10/2024,90.9557
24/10/2024,90.7011
23/10/2024,90.8118
22/10/2024,91.0038
21/10/2024,91.2695
18/10/2024,91.1716
17/10/2024,91.2072
16/10/2024,91.4621
15/10/2024,91.592
14/10/2024,91.8812
11/10/2024,91.9343
10/10/2024,91.8666
09/10/2024,92.0627
08/10/2024,92.2057
07/10/2024,92.0987
04/10/2024,92.6218
03/10/2024,92.6077
01/10/2024,93.3145
30/09/2024,93.534
27/09/2024,93.4608
26/09/2024,93.3215
25/09/2024,93.487
24/09/2024,92.8855
23/09/2024,93.2064
20/09/2024,93.2853
19/09/2024,93.144
17/09/2024,93.2991
16/09/2024,93.1502
13/09/2024,92.9537
12/09/2024,92.549
11/09/2024,92.7058
10/09/2024,92.7095
09/09/2024,92.9036
06/09/2024,93.3092
05/09/2024,93.0974
04/09/2024,92.7921
03/09/2024,92.8067
02/09/2024,92.7679
30/08/2024,92.9083
29/08/2024,93.3896
28/08/2024,93.592
27/08/2024,93.7513
26/08/2024,93.7693
23/08/2024,93.3362
22/08/2024,93.5884
21/08/2024,93.2892
20/08/2024,92.8225
19/08/2024,92.6909
16/08/2024,92.2185
14/08/2024,92.2726
13/08/2024,91.8224
12/08/2024,91.6915
09/08/2024,91.6697
08/08/2024,91.832
07/08/2024,91.6212
06/08/2024,91.8304
05/08/2024,91.4387
02/08/2024,90.4666
01/08/2024,90.6107
31/07/2024,90.6222
30/07/2024,90.6056
29/07/2024,90.9162
26/07/2024,90.8596
25/07/2024,90.7038
24/07/2024,90.7746
23/07/2024,91.0516
22/07/2024,91.0581
19/07/2024,91.0655
18/07/2024,91.4384
16/07/2024,90.9764
15/07/2024,90.9931
12/07/2024,90.7685
11/07/2024,90.5277
10/07/2024,90.3264
09/07/2024,90.3929
08/07/2024,90.3005
05/07/2024,90.3709
04/07/2024,90.1094
03/07/2024,89.7219
02/07/2024,89.6411
01/07/2024,89.8464
28/06/2024,89.249
27/06/2024,89.2882
26/06/2024,89.406
25/06/2024,89.57
24/06/2024,89.401
21/06/2024,89.5362
20/06/2024,89.6423
19/06/2024,89.5496
18/06/2024,89.5358
14/06/2024,89.5505
13/06/2024,90.2741
12/06/2024,89.7901
11/06/2024,89.9325
10/06/2024,89.7788
07/06/2024,90.8439
06/06/2024,90.807
05/06/2024,90.6747
04/06/2024,91.0195
03/06/2024,90.1542
31/05/2024,90.121
30/05/2024,90.0508
29/05/2024,90.4226
28/05/2024,90.4468
27/05/2024,90.1132
24/05/2024,89.893
22/05/2024,90.3879
21/05/2024,90.5505
17/05/2024,90.6832
16/05/2024,90.8342
15/05/2024,90.3926
14/05/2024,90.0825
13/05/2024,89.9792
10/05/2024,90.0133
09/05/2024,89.6675
08/05/2024,89.7549
07/05/2024,89.8287
06/05/2024,89.8309
03/05/2024,89.5007
02/05/2024,89.4818
30/04/2024,89.3405
29/04/2024,89.4607
26/04/2024,89.4288
25/04/2024,89.4072
24/04/2024,89.1124
23/04/2024,88.7387
22/04/2024,88.9698
19/04/2024,88.8874
18/04/2024,89.2736
16/04/2024,88.5593
15/04/2024,88.9071
12/04/2024,89.1261
10/04/2024,90.2945
08/04/2024,90.2535
05/04/2024,90.3068
04/04/2024,90.4927
03/04/2024,89.8499
02/04/2024,89.447
28/03/2024,90.2178
27/03/2024,90.2243
26/03/2024,90.4334
22/03/2024,90.2625
21/03/2024,90.9118
20/03/2024,90.3077
19/03/2024,90.1321
18/03/2024,90.2755
15/03/2024,90.1676
14/03/2024,90.6624
13/03/2024,90.5933
12/03/2024,90.5054
11/03/2024,90.4442
07/03/2024,90.233
06/03/2024,90.0113
05/03/2024,89.9687
04/03/2024,89.9028
01/03/2024,89.5766
29/02/2024,89.8621
28/02/2024,89.7842
27/02/2024,89.9395
26/02/2024,89.7192
23/02/2024,89.7114
22/02/2024,89.8692
21/02/2024,89.6115
20/02/2024,89.358
16/02/2024,89.35
15/02/2024,89.064
14/02/2024,89.0553
13/02/2024,89.3893
12/02/2024,89.572
09/02/2024,89.4037
08/02/2024,89.4694
07/02/2024,89.2943
06/02/2024,89.3009
05/02/2024,89.5245
02/02/2024,90.1322
01/02/2024,89.6105
31/01/2024,89.8826
30/01/2024,89.9625
29/01/2024,90.1655
25/01/2024,90.4175
24/01/2024,90.33
23/01/2024,90.6027
19/01/2024,90.4457
18/01/2024,90.6376
17/01/2024,90.2531
16/01/2024,90.6108
15/01/2024,90.84
12/01/2024,91.0922
11/01/2024,91.1135
10/01/2024,90.8965
09/01/2024,91.0544
08/01/2024,90.8932
05/01/2024,90.8803
04/01/2024,90.9944
03/01/2024,91.2811
02/01/2024,91.9232
01/01/2024,91.8401
29/12/2023,92.0049
28/12/2023,92.4523
27/12/2023,92.0154
26/12/2023,91.6836
22/12/2023,91.5559
21/12/2023,91.1572
20/12/2023,91.146
19/12/2023,90.8664
18/12/2023,90.6311
15/12/2023,91.3696
14/12/2023,90.8593
13/12/2023,89.9276
12/12/2023,89.803
11/12/2023,89.7969
08/12/2023,89.8992
07/12/2023,89.7352
06/12/2023,89.9505
05/12/2023,90.3881
04/12/2023,90.6276
01/12/2023,90.9404
30/11/2023,91.4816
29/11/2023,91.6443
28/11/2023,91.3149
24/11/2023,90.93
23/11/2023,90.9532
22/11/2023,90.8451
21/11/2023,91.3062
20/11/2023,90.9829
17/11/2023,90.3648
16/11/2023,90.2225
15/11/2023,90.4008
13/11/2023,89.0648
10/11/2023,88.9138
09/11/2023,89.1749
08/11/2023,88.9797
07/11/2023,89.1391
06/11/2023,89.358
03/11/2023,88.5283
02/11/2023,88.2388
01/11/2023,88.0393
31/10/2023,88.3236
30/10/2023,87.9506
27/10/2023,87.8984
26/10/2023,87.7041
25/10/2023,88.121
23/10/2023,87.9617
20/10/2023,87.9166
19/10/2023,87.7592
18/10/2023,88.1715
17/10/2023,87.7169
16/10/2023,87.7061
13/10/2023,87.7616
12/10/2023,88.485
11/10/2023,88.2538
10/10/2023,87.8957
09/10/2023,87.796
06/10/2023,87.6815
05/10/2023,87.4716
04/10/2023,87.0782
03/10/2023,87.068
29/09/2023,87.9379
28/09/2023,87.3442
27/09/2023,87.9201
26/09/2023,88.0581
25/09/2023,88.4543
22/09/2023,88.347
21/09/2023,88.511
20/09/2023,88.9966
18/09/2023,88.7559
15/09/2023,88.5662
14/09/2023,89.1516
13/09/2023,89.1122
12/09/2023,89.0576
11/09/2023,88.9511
08/09/2023,89.1486
07/09/2023,89.1821
06/09/2023,89.1785
05/09/2023,89.3169
04/09/2023,89.2559
01/09/2023,89.6169
31/08/2023,90.2242
30/08/2023,90.0061
29/08/2023,89.3836
28/08/2023,89.3615
25/08/2023,89.1681
24/08/2023,89.7364
23/08/2023,90.0581
22/08/2023,90.6926
21/08/2023,90.422
18/08/2023,90.4351
17/08/2023,90.4758
14/08/2023,90.6982
11/08/2023,91.0233
10/08/2023,91.0602
09/08/2023,90.8708
08/08/2023,91.0621
07/08/2023,90.8376
04/08/2023,90.6713
03/08/2023,90.466
02/08/2023,90.6468
01/08/2023,90.4595
31/07/2023,90.5787
28/07/2023,90.316
27/07/2023,90.9584
26/07/2023,90.717
25/07/2023,90.6572
24/07/2023,91.1559
21/07/2023,91.4017
20/07/2023,91.9928
19/07/2023,92.1315
18/07/2023,92.2823
17/07/2023,92.2905
14/07/2023,92.0994
13/07/2023,91.5064
12/07/2023,90.7693
11/07/2023,90.7506
10/07/2023,90.4798
07/07/2023,90.0747
06/07/2023,89.593
05/07/2023,89.3787
04/07/2023,89.3537
03/07/2023,89.1483
30/06/2023,89.1258
28/06/2023,89.7456
27/06/2023,89.5347
26/06/2023,89.3843
23/06/2023,89.6615
22/06/2023,89.9654
21/06/2023,89.5887
20/06/2023,89.7514
19/06/2023,89.6017
16/06/2023,89.7256
15/06/2023,88.8837
14/06/2023,88.7812
13/06/2023,88.9347
12/06/2023,88.64
09/06/2023,88.8455
08/06/2023,88.4674
07/06/2023,88.1049
06/06/2023,88.6646
05/06/2023,88.306
02/06/2023,88.6642
01/06/2023,88.0687
31/05/2023,88.3572
30/05/2023,88.4583
29/05/2023,88.6551
26/05/2023,88.7892
25/05/2023,88.8385
24/05/2023,89.2347
23/05/2023,89.4844
22/05/2023,89.5926
19/05/2023,89.1373
18/05/2023,89.3191
17/05/2023,89.4626
16/05/2023,89.4022
15/05/2023,89.4055
12/05/2023,89.8163
11/05/2023,89.9449
10/05/2023,90.0088
09/05/2023,90.1762
08/05/2023,90.298
04/05/2023,90.5355
03/05/2023,90.211
02/05/2023,89.8494
28/04/2023,90.0871
27/04/2023,90.2621
26/04/2023,90.1125
25/04/2023,90.5223
24/04/2023,90.1133
21/04/2023,90.0618
20/04/2023,90.1191
19/04/2023,89.9391
18/04/2023,89.7702
17/04/2023,90.0402
13/04/2023,90.0561
12/04/2023,89.6398
11/04/2023,89.4016
10/04/2023,89.2966
06/04/2023,89.3411
05/04/2023,90.0109
03/04/2023,89.0496
31/03/2023,89.6076
29/03/2023,89.1709
28/03/2023,88.8968
27/03/2023,88.5786
24/03/2023,89.0624
23/03/2023,89.6262
21/03/2023,88.5237
20/03/2023,88.0109
17/03/2023,87.809
16/03/2023,87.6672
15/03/2023,88.5452
14/03/2023,88.1047
13/03/2023,87.8393
10/03/2023,86.8366
09/03/2023,86.4213
08/03/2023,86.4769
06/03/2023,86.9688
03/03/2023,87.3241
02/03/2023,87.8302
01/03/2023,87.4995
28/02/2023,87.5471
27/02/2023,87.4085
24/02/2023,87.7045
23/02/2023,87.9178
22/02/2023,88.2818
21/02/2023,88.3202
20/02/2023,88.4102
17/02/2023,88.058
16/02/2023,88.4494
15/02/2023,88.7276
14/02/2023,88.8081
13/02/2023,88.3109
10/02/2023,88.5668
09/02/2023,88.7014
08/02/2023,88.7561
07/02/2023,88.8204
06/02/2023,89.0069
03/02/2023,89.5985
02/02/2023,90.2555
01/02/2023,88.9938
31/01/2023,88.5982
30/01/2023,88.7331
27/01/2023,88.6584
25/01/2023,89.0135
24/01/2023,88.7841
23/01/2023,88.5401
20/01/2023,87.9884
19/01/2023,87.8848
18/01/2023,88.0574
17/01/2023,88.5626
16/01/2023,88.346
13/01/2023,88.2628
12/01/2023,87.9566
11/01/2023,87.8551
10/01/2023,88.2829
09/01/2023,87.9528
06/01/2023,86.9235
05/01/2023,87.7992
04/01/2023,87.6546
03/01/2023,88.2508
02/01/2023,88.3753
30/12/2022,88.1496
29/12/2022,88.004
28/12/2022,88.2986
27/12/2022,88.2276
26/12/2022,87.9415
23/12/2022,87.9025
22/12/2022,88.0226
21/12/2022,87.8443
20/12/2022,87.746
19/12/2022,87.767
16/12/2022,88.2629
15/12/2022,87.9046
14/12/2022,87.7695
13/12/2022,87.2835
12/12/2022,86.8854
09/12/2022,86.9313
08/12/2022,86.5171
07/12/2022,86.282
06/12/2022,86.2558
05/12/2022,86.2718
02/12/2022,85.4643
01/12/2022,84.7467
30/11/2022,84.4507
29/11/2022,84.8248
28/11/2022,84.7881
25/11/2022,84.8732
24/11/2022,85.3125
23/11/2022,84.4924
22/11/2022,83.8611
21/11/2022,84.0819
18/11/2022,84.7078
17/11/2022,84.7726
16/11/2022,84.4115
15/11/2022,84.1309
14/11/2022,83.7455
11/11/2022,82.4661
10/11/2022,82.0069
09/11/2022,81.9759
07/11/2022,81.7579
04/11/2022,80.7191
03/11/2022,81.3645
02/11/2022,81.7856
01/11/2022,82.1435
31/10/2022,81.9232
28/10/2022,82.1405
27/10/2022,82.9063
25/10/2022,81.6988
21/10/2022,80.9251
20/10/2022,81.4192
19/10/2022,81.0121
18/10/2022,81.0153
17/10/2022,80.2935
14/10/2022,80.6845
13/10/2022,79.921
12/10/2022,79.9718
11/10/2022,79.7855
10/10/2022,80.1554
07/10/2022,80.546
06/10/2022,80.9603
04/10/2022,80.2677
03/10/2022,80.2409
30/09/2022,80.1093
29/09/2022,79.0952
28/09/2022,78.3444
27/09/2022,78.5837
26/09/2022,78.7095
23/09/2022,79.5064
22/09/2022,79.2608
21/09/2022,79.4079
20/09/2022,79.9498
19/09/2022,79.5244
16/09/2022,79.7164
15/09/2022,79.2726
14/09/2022,79.3391
13/09/2022,80.2268
12/09/2022,80.3671
09/09/2022,80.1832
08/09/2022,79.7551
07/09/2022,79.07
06/09/2022,79.549
05/09/2022,79.0483
02/09/2022,79.5292
01/09/2022,79.5494
30/08/2022,79.712
29/08/2022,79.6085
26/08/2022,79.6236
25/08/2022,79.9962
24/08/2022,79.3352
23/08/2022,79.2517
22/08/2022,80.1062
19/08/2022,80.4179
18/08/2022,80.9658
17/08/2022,80.768
11/08/2022,81.8452
10/08/2022,81.1522
08/08/2022,81.0279
05/08/2022,80.9149
04/08/2022,80.87
03/08/2022,80.2198
02/08/2022,80.5881
01/08/2022,80.8991
29/07/2022,81.1675
28/07/2022,81.5435
27/07/2022,80.979
26/07/2022,81.5636
25/07/2022,81.4458
22/07/2022,81.4572
21/07/2022,81.6889
20/07/2022,81.8415
19/07/2022,81.1939
18/07/2022,80.6607
15/07/2022,80.0134
14/07/2022,80.0078
13/07/2022,79.9497
12/07/2022,79.8259
11/07/2022,80.4988
08/07/2022,80.5834
07/07/2022,80.6846
06/07/2022,81.3766
05/07/2022,82.5147
04/07/2022,82.3978
01/07/2022,82.7392
30/06/2022,82.5803
29/06/2022,82.8408
28/06/2022,83.2694
27/06/2022,82.6706
24/06/2022,82.5633
23/06/2022,82.6872
22/06/2022,82.0981
21/06/2022,82.1289
20/06/2022,82.1319
17/06/2022,82.1038
16/06/2022,81.4275
15/06/2022,81.8096
14/06/2022,81.368
13/06/2022,81.9439
10/06/2022,82.6879
09/06/2022,83.342
08/06/2022,83.098
07/06/2022,82.9661
06/06/2022,83.2823
03/06/2022,83.4535
02/06/2022,82.7541
01/06/2022,83.082
31/05/2022,83.4107
30/05/2022,83.4132
27/05/2022,83.4883
26/05/2022,82.8277
25/05/2022,82.9381
24/05/2022,82.8419
23/05/2022,82.2816
20/05/2022,82.137
19/05/2022,81.4264
18/05/2022,81.6576
17/05/2022,81.2028
13/05/2022,80.3629
12/05/2022,81.4537
11/05/2022,81.4688
10/05/2022,81.7464
09/05/2022,81.3106
06/05/2022,80.7118
05/05/2022,80.7398
04/05/2022,80.4567
02/05/2022,80.4189
29/04/2022,80.5807
28/04/2022,80.6003
27/04/2022,81.4509
26/04/2022,82.0103
25/04/2022,82.2673
22/04/2022,82.7735
21/04/2022,82.7824
20/04/2022,82.6224
19/04/2022,82.1675
18/04/2022,82.4622
13/04/2022,82.584
12/04/2022,82.6909
24/07/2018,80.5434
09/07/2018,80.7822
06/07/2018,80.6328
05/07/2018,80.4771
04/07/2018,80.0239
03/07/2018,80.0211
02/07/2018,79.9592
29/06/2018,79.8491
28/06/2018,79.6382
27/06/2018,79.8654
26/06/2018,79.7425
25/06/2018,79.3499
22/06/2018,78.8566
21/06/2018,78.7925
20/06/2018,78.8274
19/06/2018,79.1575
18/06/2018,78.8543
15/06/2018,78.605
14/06/2018,79.9254
13/06/2018,79.3919
12/06/2018,79.3498
11/06/2018,79.523
08/06/2018,79.5824
07/06/2018,79.1015
06/06/2018,78.6778
05/06/2018,78.5394
04/06/2018,78.3597
01/06/2018,78.4104
31/05/2018,78.7914
30/05/2018,78.1992
29/05/2018,78.6984
28/05/2018,79.0027
25/05/2018,79.8847
24/05/2018,80.143
23/05/2018,80.24
22/05/2018,80.0716
21/05/2018,79.9289
18/05/2018,80.2784
17/05/2018,79.8909
16/05/2018,80.2943
15/05/2018,80.5281
14/05/2018,80.5091
11/05/2018,80.0863
10/05/2018,79.8908
09/05/2018,79.746
08/05/2018,80.0074
07/05/2018,80.1179
04/05/2018,79.9682
03/05/2018,79.8579
02/05/2018,80.0097
27/04/2018,80.7438
26/04/2018,81.3788
25/04/2018,81.4253
24/04/2018,81.0548
23/04/2018,81.269
20/04/2018,81.458
19/04/2018,81.3876
18/04/2018,81.3004
17/04/2018,81.32
16/04/2018,80.7362
13/04/2018,80.3412
12/04/2018,80.7982
11/04/2018,80.5884
10/04/2018,79.9047
09/04/2018,79.687
06/04/2018,79.5133
05/04/2018,79.7767
04/04/2018,79.79
03/04/2018,80.0901
28/03/2018,80.6222
27/03/2018,80.7634
26/03/2018,80.2557
23/03/2018,80.3354
22/03/2018,80.3713
21/03/2018,79.9616
20/03/2018,80.4625
19/03/2018,79.775
16/03/2018,79.9114
15/03/2018,80.3201
14/03/2018,80.5845
13/03/2018,80.0916
12/03/2018,80.0915
09/03/2018,80.1636
08/03/2018,80.5412
07/03/2018,80.7486
06/03/2018,80.2092
05/03/2018,80.0347
01/03/2018,79.5041
28/02/2018,79.5885
27/02/2018,79.9683
26/02/2018,79.6983
23/02/2018,79.7643
22/02/2018,79.8307
21/02/2018,79.9442
20/02/2018,79.8566
16/02/2018,80.1683
15/02/2018,79.679
14/02/2018,79.3879
12/02/2018,78.9341
09/02/2018,78.8902
08/02/2018,78.7455
07/02/2018,79.4345
06/02/2018,79.5241
05/02/2018,79.7295
02/02/2018,80.0335
01/02/2018,78.948
31/01/2018,79.2149
30/01/2018,78.7546
29/01/2018,78.8682
25/01/2018,79.0681
24/01/2018,78.4538
23/01/2018,78.2166
22/01/2018,78.1241
19/01/2018,78.1441
18/01/2018,77.8822
17/01/2018,78.3495
16/01/2018,78.2019
15/01/2018,77.4457
12/01/2018,76.5301
11/01/2018,76.1395
10/01/2018,76.1385
09/01/2018,75.9153
08/01/2018,76.1509
05/01/2018,76.5024
04/01/2018,76.2472
03/01/2018,76.5418
02/01/2018,76.5856
01/01/2018,76.41
29/12/2017,76.3867
28/12/2017,76.5631
27/12/2017,76.2258
26/12/2017,76.0255
22/12/2017,75.8821
21/12/2017,76.0344
20/12/2017,75.8251
19/12/2017,75.6365
18/12/2017,75.4277
15/12/2017,75.5241
14/12/2017,75.998
13/12/2017,75.7768
12/12/2017,75.9292
11/12/2017,75.8051
08/12/2017,75.7978
07/12/2017,76.0848
06/12/2017,76.2791
05/12/2017,76.3762
04/12/2017,76.3739
30/11/2017,76.4887
29/11/2017,76.3209
28/11/2017,76.6992
27/11/2017,77.1421
24/11/2017,76.7213
23/11/2017,76.6264
22/11/2017,76.0757
21/11/2017,76.3878
20/11/2017,76.3633
17/11/2017,76.5574
16/11/2017,76.9981
15/11/2017,77.0634
14/11/2017,76.4781
13/11/2017,76.2161
10/11/2017,75.7356
09/11/2017,75.3061
08/11/2017,75.3841
07/11/2017,75.2273
06/11/2017,75.1801
03/11/2017,75.3348
02/11/2017,75.2831
01/11/2017,75.0755
31/10/2017,75.4234
30/10/2017,75.4271
27/10/2017,75.6837
26/10/2017,76.6063
25/10/2017,76.59
24/10/2017,76.3395
23/10/2017,76.5136
18/10/2017,76.5423
17/10/2017,76.4204
16/10/2017,76.3912
13/10/2017,76.8772
12/10/2017,77.2741
11/10/2017,77.1677
10/10/2017,76.8302
09/10/2017,76.599
06/10/2017,76.2641
05/10/2017,76.5685
04/10/2017,76.8266
03/10/2017,76.7756
29/09/2017,77.0603
28/09/2017,77.1764
27/09/2017,77.3686
26/09/2017,77.431
25/09/2017,77.3036
22/09/2017,77.7566
21/09/2017,76.7403
20/09/2017,77.2493
19/09/2017,77.0187
18/09/2017,76.4923
15/09/2017,76.3995
14/09/2017,76.1398
13/09/2017,76.663
12/09/2017,76.5514
11/09/2017,76.7334
08/09/2017,77.0357
07/09/2017,76.3593
06/09/2017,76.5438
05/09/2017,76.2921
04/09/2017,76.1516
01/09/2017,76.1047
31/08/2017,76.0439
30/08/2017,76.4504
29/08/2017,76.7505
28/08/2017,76.2162
24/08/2017,75.5805
23/08/2017,75.4072
22/08/2017,75.6497
21/08/2017,75.2143
18/08/2017,75.2078
16/08/2017,75.3761
14/08/2017,75.7035
11/08/2017,75.4567
10/08/2017,75.0635
09/08/2017,74.8606
08/08/2017,75.2876
07/08/2017,75.1019
04/08/2017,75.6609
03/08/2017,75.3905
02/08/2017,75.7488
01/08/2017,75.7415
31/07/2017,75.2203
28/07/2017,74.9829
27/07/2017,75.2082
26/07/2017,74.9214
25/07/2017,75.0607
24/07/2017,75.1287
21/07/2017,74.8796
20/07/2017,74.188
19/07/2017,74.2265
18/07/2017,74.1469
17/07/2017,73.6933
14/07/2017,73.5677
13/07/2017,73.7884
12/07/2017,73.9715
11/07/2017,73.4361
10/07/2017,73.5826
07/07/2017,73.8811
06/07/2017,73.4322
05/07/2017,73.5035
04/07/2017,73.5995
03/07/2017,73.8567
30/06/2017,74.0019
29/06/2017,73.5233
28/06/2017,73.3757
27/06/2017,72.1921
23/06/2017,72.0808
22/06/2017,72.0732
21/06/2017,71.9413
20/06/2017,71.9583
19/06/2017,72.1043
16/06/2017,72.0482
15/06/2017,72.1094
14/06/2017,72.1283
13/06/2017,72.1465
12/06/2017,72.1324
09/06/2017,71.9823
08/06/2017,72.5092
07/06/2017,72.6588
06/06/2017,72.5178
05/06/2017,72.4886
02/06/2017,72.2673
01/06/2017,72.4518
31/05/2017,72.143
30/05/2017,71.8338
29/05/2017,72.1354
26/05/2017,72.3329
25/05/2017,72.4692
24/05/2017,72.473
23/05/2017,72.7489
22/05/2017,72.2333
19/05/2017,72.2955
18/05/2017,71.6214
17/05/2017,71.1598
16/05/2017,70.5539
15/05/2017,70.1332
12/05/2017,69.8859
11/05/2017,70.1472
09/05/2017,70.4669
08/05/2017,70.4957
05/05/2017,70.5972
04/05/2017,69.9392
03/05/2017,70.0323
02/05/2017,70.0436
28/04/2017,69.8809
27/04/2017,69.8908
26/04/2017,70.043
25/04/2017,69.8569
24/04/2017,69.9884
21/04/2017,69.1675
20/04/2017,69.3355
19/04/2017,69.1915
18/04/2017,68.7431
17/04/2017,68.4049
13/04/2017,68.6193
12/04/2017,68.6706
11/04/2017,68.3067
10/04/2017,68.2503
07/04/2017,68.559
06/04/2017,69.3912
05/04/2017,69.4017
03/04/2017,69.2788
31/03/2017,69.2476
30/03/2017,69.8739
29/03/2017,70.1061
27/03/2017,70.6739
24/03/2017,70.4656
23/03/2017,70.6688
22/03/2017,70.7206
21/03/2017,70.295
20/03/2017,70.3779
17/03/2017,70.6074
16/03/2017,70.1893
15/03/2017,69.6224
14/03/2017,70.4354
10/03/2017,70.6426
09/03/2017,70.3229
08/03/2017,70.4011
07/03/2017,70.5595
06/03/2017,70.7346
03/03/2017,70.3509
02/03/2017,70.3074
01/03/2017,70.5716
28/02/2017,70.7151
27/02/2017,70.5149
23/02/2017,70.5444
22/02/2017,70.5403
20/02/2017,71.056
17/02/2017,71.5053
16/02/2017,71.0239
15/02/2017,70.8207
14/02/2017,71.0877
13/02/2017,71.1718
10/02/2017,71.3344
09/02/2017,71.5423
08/02/2017,71.8759
07/02/2017,72.0716
06/02/2017,72.4035
03/02/2017,72.4429
02/02/2017,72.7966
01/02/2017,72.9154
31/01/2017,72.5526
30/01/2017,72.9621
27/01/2017,72.7467
25/01/2017,73.0901
24/01/2017,73.2347
23/01/2017,73.1498
20/01/2017,72.7319
19/01/2017,72.5194
18/01/2017,72.5968
17/01/2017,72.5014
16/01/2017,72.4155
13/01/2017,72.475
12/01/2017,72.2322
11/01/2017,72.3213
10/01/2017,72.182
09/01/2017,71.8206
06/01/2017,71.8662
05/01/2017,71.5574
04/01/2017,70.9949
03/01/2017,71.3818
02/01/2017,71.5121
30/12/2016,71.6175
29/12/2016,71.2101
28/12/2016,71.452
27/12/2016,71.0498
26/12/2016,70.967
23/12/2016,70.9474
22/12/2016,70.8678
21/12/2016,70.6077
20/12/2016,70.4686
19/12/2016,70.8416
16/12/2016,70.7531
15/12/2016,71.1555
14/12/2016,71.918
13/12/2016,71.7654
09/12/2016,71.7607
08/12/2016,72.6113
07/12/2016,72.7506
06/12/2016,73.1074
05/12/2016,72.0424
02/12/2016,73.0385
01/12/2016,72.6262
30/11/2016,72.8431
29/11/2016,72.8002
28/11/2016,73.1768
25/11/2016,72.3855
24/11/2016,72.384
23/11/2016,72.7844
22/11/2016,72.4348
21/11/2016,72.353
18/11/2016,72.2134
17/11/2016,72.5625
16/11/2016,72.8422
15/11/2016,72.7758
11/11/2016,73.1155
10/11/2016,72.7113
09/11/2016,74.9727
08/11/2016,73.6515
07/11/2016,73.8435
04/11/2016,74.0546
03/11/2016,74.1506
02/11/2016,73.9534
01/11/2016,73.1786
28/10/2016,72.9071
27/10/2016,72.9385
26/10/2016,72.8174
25/10/2016,72.7897
24/10/2016,72.7999
21/10/2016,72.975
20/10/2016,73.1482
19/10/2016,73.2125
18/10/2016,73.5463
17/10/2016,73.3689
14/10/2016,73.6867
13/10/2016,73.6657
10/10/2016,74.4027
07/10/2016,74.2744
06/10/2016,74.5814
05/10/2016,74.6515
04/10/2016,74.4428
03/10/2016,74.7166
30/09/2016,74.7521
29/09/2016,74.6848
28/09/2016,74.4552
27/09/2016,74.7373
26/09/2016,74.8814
23/09/2016,74.6701
22/09/2016,75.0203
21/09/2016,74.6949
20/09/2016,74.8814
19/09/2016,74.6845
16/09/2016,75.1535
15/09/2016,75.3627
14/09/2016,75.2075
12/09/2016,75.2176
09/09/2016,75.0242
08/09/2016,74.7676
07/09/2016,74.6902
06/09/2016,74.1665
02/09/2016,74.8012
01/09/2016,74.6603
31/08/2016,74.6239
30/08/2016,74.9439
29/08/2016,75.1823
26/08/2016,75.7371
25/08/2016,75.5943
24/08/2016,75.8055
23/08/2016,76.0381
22/08/2016,75.8083
19/08/2016,75.8714
18/08/2016,75.5773
16/08/2016,75.0198
12/08/2016,74.4633
11/08/2016,74.6526
10/08/2016,74.3797
09/08/2016,74.1752
08/08/2016,74.0622
05/08/2016,74.451
04/08/2016,74.5965
03/08/2016,74.9893
02/08/2016,74.599
01/08/2016,74.5165
29/07/2016,74.2737
28/07/2016,74.364
27/07/2016,73.8859
26/07/2016,74.1654
25/07/2016,73.7992
22/07/2016,74.0303
21/07/2016,74.1523
20/07/2016,73.99
19/07/2016,74.3443
18/07/2016,74.1673
15/07/2016,74.6037
14/07/2016,74.3544
13/07/2016,74.3484
12/07/2016,74.446
11/07/2016,74.1053
08/07/2016,74.7169
07/07/2016,74.8274
05/07/2016,75.0328
04/07/2016,74.8304
01/07/2016,74.7449
30/06/2016,75.0071
29/06/2016,75.02
28/06/2016,75.0623
27/06/2016,74.8801
24/06/2016,75.1015
23/06/2016,76.3776
22/06/2016,76.0354
21/06/2016,76.4511
20/06/2016,76.5358
17/06/2016,75.4568
16/06/2016,75.816
15/06/2016,75.2859
14/06/2016,75.7542
13/06/2016,75.5116
10/06/2016,75.4714
09/06/2016,75.8925
08/06/2016,75.8199
07/06/2016,75.9194
06/06/2016,75.9409
03/06/2016,74.9944
02/06/2016,75.3035
01/06/2016,74.9634
31/05/2016,74.7902
30/05/2016,74.8415
27/05/2016,75.0885
26/05/2016,75.2185
25/05/2016,75.2098
24/05/2016,75.9323
23/05/2016,75.6197
20/05/2016,75.5437
19/05/2016,75.453
18/05/2016,75.4847
17/05/2016,75.4907
16/05/2016,75.5953
13/05/2016,75.7202
12/05/2016,76.0612
11/05/2016,75.9665
10/05/2016,75.9568
09/05/2016,75.8056
06/05/2016,75.9313
05/05/2016,76.3807
04/05/2016,76.4597
03/05/2016,76.6145
02/05/2016,76.0562
29/04/2016,75.7303
28/04/2016,75.4222
27/04/2016,75.177
26/04/2016,75.1814
25/04/2016,74.9527
22/04/2016,75.1033
21/04/2016,74.8978
20/04/2016,75.2758
18/04/2016,75.2596
13/04/2016,75.4637
12/04/2016,75.9107
11/04/2016,75.7538
07/04/2016,75.8952
06/04/2016,75.629
05/04/2016,75.524
04/04/2016,75.3713
31/03/2016,75.0955
30/03/2016,75.0306
29/03/2016,74.4717
28/03/2016,74.4215
23/03/2016,74.9077
22/03/2016,74.8987
21/03/2016,74.9168
18/03/2016,75.3012
17/03/2016,75.0735
16/03/2016,74.7583
15/03/2016,74.6444
14/03/2016,74.8044
11/03/2016,74.9427
10/03/2016,73.622
09/03/2016,74.0611
08/03/2016,74.193
04/03/2016,73.6688
03/03/2016,73.1664
02/03/2016,73.5314
01/03/2016,74.2172
29/02/2016,75.0796
26/02/2016,76.0404
25/02/2016,75.6784
24/02/2016,75.4695
23/02/2016,75.7657
22/02/2016,76.1952
18/02/2016,76.3297
17/02/2016,76.6104
16/02/2016,76.2425
15/02/2016,76.5086
12/02/2016,77.3606
11/02/2016,76.8439
10/02/2016,76.648
09/02/2016,76.3827
08/02/2016,75.5368
05/02/2016,75.7326
04/02/2016,75.1327
03/02/2016,74.4553
02/02/2016,73.9323
01/02/2016,73.4115
29/01/2016,74.0666
28/01/2016,74.0637
27/01/2016,73.813
25/01/2016,73.1219
22/01/2016,73.405
21/01/2016,74.165
20/01/2016,74.4828
19/01/2016,73.5018
18/01/2016,73.6101
15/01/2016,73.3868
14/01/2016,72.9725
13/01/2016,72.4272
12/01/2016,72.7434
11/01/2016,72.9264
08/01/2016,72.5292
07/01/2016,72.3782
06/01/2016,71.7002
05/01/2016,72.0315
04/01/2016,72.3907
01/01/2016,71.8627
31/12/2015,72.501
30/12/2015,72.6018
29/12/2015,72.8477
28/12/2015,72.5534
23/12/2015,72.4117
22/12/2015,72.3317
21/12/2015,72.134
18/12/2015,72.1359
17/12/2015,72.3273
16/12/2015,73.1571
15/12/2015,73.9289
14/12/2015,73.4656
11/12/2015,73.104
10/12/2015,73.4629
09/12/2015,72.891
08/12/2015,72.5162
07/12/2015,72.4028
04/12/2015,73.0456
03/12/2015,70.6696
02/12/2015,70.666
01/12/2015,70.4359
30/11/2015,70.6834
27/11/2015,70.8755
26/11/2015,70.6968
24/11/2015,70.5529
23/11/2015,70.4693
20/11/2015,70.8594
19/11/2015,70.7779
18/11/2015,70.3914
17/11/2015,70.3484
16/11/2015,70.9729
13/11/2015,71.2648
10/11/2015,71.2992
09/11/2015,71.4458
06/11/2015,71.5477
05/11/2015,71.3499
04/11/2015,71.797
03/11/2015,72.1008
02/11/2015,72.2171
30/10/2015,71.6671
29/10/2015,71.2497
28/10/2015,71.753
27/10/2015,71.8406
26/10/2015,71.6447
23/10/2015,72.0639
21/10/2015,73.9728
20/10/2015,73.5213
19/10/2015,73.7497
16/10/2015,73.994
15/10/2015,74.5022
14/10/2015,74.241
13/10/2015,73.9164
12/10/2015,73.5999
09/10/2015,73.0837
08/10/2015,73.3277
07/10/2015,73.4664
06/10/2015,73.1919
05/10/2015,73.3931
01/10/2015,73.0796
30/09/2015,73.7952
29/09/2015,74.6096
28/09/2015,73.8119
24/09/2015,73.9585
23/09/2015,73.378
22/09/2015,73.2638
21/09/2015,74.3799
18/09/2015,75.1287
16/09/2015,75.0253
15/09/2015,75.0487
14/09/2015,75.3242
11/09/2015,74.8974
10/09/2015,74.7139
09/09/2015,73.9847
08/09/2015,74.6054
07/09/2015,74.2733
04/09/2015,73.8903
03/09/2015,74.3343
02/09/2015,74.6063
01/09/2015,74.788
31/08/2015,74.495
28/08/2015,74.3673
27/08/2015,74.9655
26/08/2015,75.8867
25/08/2015,77.1089
24/08/2015,76.2729
21/08/2015,74.2692
20/08/2015,72.5713
19/08/2015,72.1954
17/08/2015,72.3942
14/08/2015,72.5595
13/08/2015,72.2573
12/08/2015,71.8218
11/08/2015,70.3595
10/08/2015,69.8799
07/08/2015,69.6571
06/08/2015,69.7091
05/08/2015,69.3104
04/08/2015,70.0497
03/08/2015,70.1602
31/07/2015,70.1627
30/07/2015,70.0739
29/07/2015,70.6288
28/07/2015,70.8843
27/07/2015,70.6143
24/07/2015,70.121
23/07/2015,69.6264
22/07/2015,69.6016
21/07/2015,68.9081
20/07/2015,68.8321
17/07/2015,69.1437
16/07/2015,69.3942
15/07/2015,69.6851
14/07/2015,69.7269
13/07/2015,70.6942
10/07/2015,70.4334
09/07/2015,70.4986
08/07/2015,69.9323
07/07/2015,69.9659
06/07/2015,70.2924
03/07/2015,70.3319
02/07/2015,70.3535
01/07/2015,70.7671
30/06/2015,71.2015
29/06/2015,70.411
26/06/2015,71.2303
25/06/2015,71.1692
24/06/2015,71.3119
23/06/2015,71.6275
22/06/2015,72.3186
19/06/2015,72.3585
18/06/2015,72.4564
17/06/2015,72.1662
16/06/2015,72.272
15/06/2015,71.8413
12/06/2015,71.8994
11/06/2015,72.3118
10/06/2015,72.1452
09/06/2015,72.3692
08/06/2015,71.1172
05/06/2015,71.8185
04/06/2015,72.251
03/06/2015,71.2838
02/06/2015,69.7376
01/06/2015,69.6256
29/05/2015,69.9081
28/05/2015,69.7352
27/05/2015,69.8562
26/05/2015,69.6421
25/05/2015,69.9342
22/05/2015,70.9282
21/05/2015,70.6688
20/05/2015,70.731
19/05/2015,71.9024
18/05/2015,72.6743
15/05/2015,72.3781
14/05/2015,72.8775
13/05/2015,72.0784
12/05/2015,71.9127
11/05/2015,71.5114
08/05/2015,71.7608
07/05/2015,72.5102
06/05/2015,71.5087
05/05/2015,70.5383
30/04/2015,70.5334
29/04/2015,69.3395
28/04/2015,68.9289
27/04/2015,69.1839
24/04/2015,68.4853
23/04/2015,67.6585
22/04/2015,67.5862
21/04/2015,67.3433
20/04/2015,67.4933
17/04/2015,67.1342
16/04/2015,66.5597
15/04/2015,66.4837
13/04/2015,66.163
10/04/2015,66.4884
09/04/2015,66.9937
08/04/2015,67.5963
07/04/2015,68.0791
06/04/2015,68.2308
31/03/2015,67.5104
30/03/2015,68.0606
27/03/2015,68.1476
26/03/2015,68.8523
25/03/2015,68.121
24/03/2015,68.033
23/03/2015,67.3644
20/03/2015,66.8043
19/03/2015,67.2896
18/03/2015,66.3383
17/03/2015,66.372
16/03/2015,66.1699
13/03/2015,66.4212
12/03/2015,65.9451
11/03/2015,67.0995
10/03/2015,67.6577
09/03/2015,67.9634
05/03/2015,68.602
04/03/2015,69.0974
03/03/2015,69.247
02/03/2015,69.1387
27/02/2015,69.286
26/02/2015,70.388
25/02/2015,70.4293
24/02/2015,70.6021
23/02/2015,70.7589
20/02/2015,70.7217
18/02/2015,71.0091
16/02/2015,71.0039
13/02/2015,71.0525
12/02/2015,70.6333
11/02/2015,70.333
10/02/2015,70.2045
09/02/2015,70.3809
06/02/2015,70.7868
05/02/2015,70.1908
04/02/2015,70.747
03/02/2015,69.9378
02/02/2015,69.9413
30/01/2015,70.0268
29/01/2015,69.3287
28/01/2015,69.8237
27/01/2015,69.0302
23/01/2015,69.6166
22/01/2015,71.4875
21/01/2015,71.3798
20/01/2015,71.5699
19/01/2015,71.3302
16/01/2015,72.0067
15/01/2015,72.6345
14/01/2015,73.297
13/01/2015,73.4171
12/01/2015,73.7348
09/01/2015,73.614
08/01/2015,74.427
07/01/2015,75.2765
06/01/2015,75.7958
05/01/2015,75.6672
02/01/2015,76.3061
01/01/2015,76.5998
31/12/2014,77.0048
30/12/2014,77.3221
29/12/2014,77.6005
26/12/2014,77.7435
24/12/2014,77.3087
23/12/2014,77.6217
22/12/2014,77.4155
19/12/2014,77.4589
18/12/2014,78.1067
17/12/2014,79.394
16/12/2014,79.0005
15/12/2014,78.0154
12/12/2014,77.3846
11/12/2014,77.4837
10/12/2014,76.7499
09/12/2014,76.2919
08/12/2014,76.1
05/12/2014,76.5313
04/12/2014,76.1274
03/12/2014,76.5723
02/12/2014,77.2149
01/12/2014,77.3677
28/11/2014,77.1633
27/11/2014,77.3746
26/11/2014,77.2147
25/11/2014,76.9288
24/11/2014,76.5946
21/11/2014,77.6224
20/11/2014,77.91
19/11/2014,77.421
18/11/2014,77.0931
17/11/2014,77.3565
14/11/2014,76.6957
13/11/2014,76.6126
12/11/2014,76.7866
11/11/2014,76.482
10/11/2014,76.6789
07/11/2014,76.1562
05/11/2014,76.9854
03/11/2014,76.6665
31/10/2014,77.1899
30/10/2014,77.4503
29/10/2014,78.143
28/10/2014,77.9237
27/10/2014,77.7547
22/10/2014,77.965
21/10/2014,78.5885
20/10/2014,78.1536
17/10/2014,78.8938
16/10/2014,78.663
14/10/2014,77.6802
13/10/2014,77.6042
10/10/2014,77.6701
09/10/2014,77.7426
08/10/2014,77.6546
07/10/2014,77.4664
01/10/2014,77.9546
30/09/2014,78.206
29/09/2014,77.9328
26/09/2014,78.4489
25/09/2014,77.8429
24/09/2014,78.3738
23/09/2014,78.2251
22/09/2014,78.1606
19/09/2014,78.4695
18/09/2014,78.5727
17/09/2014,78.9659
16/09/2014,79.0348
15/09/2014,79.0306
12/09/2014,78.6418
11/09/2014,78.6358
10/09/2014,78.6597
09/09/2014,77.9276
08/09/2014,77.9439
05/09/2014,78.1953
04/09/2014,79.4607
03/09/2014,79.5434
02/09/2014,79.5627
01/09/2014,79.3957
28/08/2014,79.862
27/08/2014,79.6545
26/08/2014,79.91
25/08/2014,79.7436
22/08/2014,80.3535
21/08/2014,80.559
20/08/2014,80.7255
19/08/2014,81.0432
14/08/2014,81.5552
13/08/2014,81.899
12/08/2014,81.7762
11/08/2014,81.874
08/08/2014,82.4125
07/08/2014,82.1672
06/08/2014,81.963
05/08/2014,81.6955
04/08/2014,81.9061
01/08/2014,81.4615
31/07/2014,80.6985
30/07/2014,80.636
28/07/2014,80.7385
25/07/2014,81.0173
24/07/2014,80.6785
23/07/2014,81.0305
22/07/2014,81.4414
21/07/2014,81.4821
18/07/2014,81.5848
17/07/2014,81.334
16/07/2014,81.656
15/07/2014,81.951
14/07/2014,81.599
11/07/2014,81.872
10/07/2014,81.6925
09/07/2014,81.38
08/07/2014,81.3225
07/07/2014,81.3923
04/07/2014,81.3203
03/07/2014,81.5415
02/07/2014,82.022
01/07/2014,82.283
30/06/2014,82.0094
27/06/2014,81.882
26/06/2014,82.044
25/06/2014,82.0475
24/06/2014,81.752
23/06/2014,81.9065
20/06/2014,82.12
19/06/2014,81.7106
18/06/2014,81.431
17/06/2014,81.8665
16/06/2014,81.2541
13/06/2014,80.712
12/06/2014,80.3036
11/06/2014,80.32
10/06/2014,80.5934
09/06/2014,80.616
06/06/2014,80.8345
05/06/2014,80.6999
04/06/2014,80.764
03/06/2014,80.5645
02/06/2014,80.6285
30/05/2014,80.335
29/05/2014,80.0315
28/05/2014,80.53
27/05/2014,80.6048
26/05/2014,79.814
23/05/2014,79.8058
22/05/2014,80.05
21/05/2014,80.5684
20/05/2014,80.5261
19/05/2014,80.117
16/05/2014,80.7166
15/05/2014,81.5526
13/05/2014,82.4035
12/05/2014,82.2235
09/05/2014,83.0738
08/05/2014,83.4805
07/05/2014,83.584
06/05/2014,83.5532
05/05/2014,83.3423
02/05/2014,83.459
30/04/2014,83.306
29/04/2014,83.916
28/04/2014,83.621
25/04/2014,84.522
23/04/2014,84.486
22/04/2014,83.7695
21/04/2014,83.3835
17/04/2014,83.5737
16/04/2014,83.291
15/04/2014,83.27
11/04/2014,83.7385
10/04/2014,83.334
09/04/2014,82.7896
07/04/2014,82.1525
04/04/2014,82.6545
03/04/2014,82.7412
02/04/2014,82.392
28/03/2014,82.5765
27/03/2014,82.906
26/03/2014,83.0915
25/03/2014,83.6745
24/03/2014,83.807
21/03/2014,84.1755
20/03/2014,84.5925
19/03/2014,85.0792
18/03/2014,84.8917
14/03/2014,85.2265
13/03/2014,85.0232
12/03/2014,84.6545
11/03/2014,84.159
10/03/2014,84.945
07/03/2014,84.5255
06/03/2014,84.1866
05/03/2014,84.9195
04/03/2014,85.1365
03/03/2014,85.3085
28/02/2014,85.0285
26/02/2014,85.1148
25/02/2014,85.1435
24/02/2014,85.3235
21/02/2014,85.2685
20/02/2014,85.6995
18/02/2014,85.168
17/02/2014,84.9485
14/02/2014,85.1755
13/02/2014,84.871
12/02/2014,84.7215
11/02/2014,85.2813
10/02/2014,84.7418
07/02/2014,84.683
06/02/2014,84.4994
05/02/2014,84.3548
04/02/2014,84.7805
03/02/2014,84.578
31/01/2014,84.6022
30/01/2014,85.6075
29/01/2014,84.964
28/01/2014,86.1715
27/01/2014,85.8228
24/01/2014,85.0894
23/01/2014,83.9765
22/01/2014,83.9267
21/01/2014,83.375
20/01/2014,83.4245
17/01/2014,83.5223
16/01/2014,83.8395
15/01/2014,83.9915
13/01/2014,84.111
10/01/2014,84.305
09/01/2014,84.496
08/01/2014,84.8185
07/01/2014,84.972
06/01/2014,84.6151
03/01/2014,85.195
02/01/2014,85.1556
01/01/2014,85.1235
31/12/2013,85.3635
30/12/2013,85.1855
27/12/2013,85.2748
26/12/2013,84.7925
24/12/2013,84.651
23/12/2013,84.818
20/12/2013,84.8774
19/12/2013,85.2945
18/12/2013,85.2692
17/12/2013,85.3345
16/12/2013,85.4284
13/12/2013,85.4135
12/12/2013,84.982
11/12/2013,84.378
10/12/2013,84.151
09/12/2013,83.8195
06/12/2013,84.2546
05/12/2013,84.069
04/12/2013,84.6848
03/12/2013,84.457
02/12/2013,84.641
29/11/2013,84.9755
28/11/2013,84.7547
27/11/2013,84.6755
26/11/2013,84.504
25/11/2013,84.7
22/11/2013,84.9199
21/11/2013,84.418
20/11/2013,84.7104
19/11/2013,84.0585
18/11/2013,84.555
14/11/2013,84.9475
13/11/2013,85.5502
12/11/2013,85.1515
11/11/2013,84.595
08/11/2013,84.0625
07/11/2013,84.6225
06/11/2013,83.6375
05/11/2013,83.419
01/11/2013,83.8775
31/10/2013,84.1245
30/10/2013,84.4855
29/10/2013,84.7244
28/10/2013,84.8825
25/10/2013,85.135
24/10/2013,84.815
23/10/2013,84.7495
22/10/2013,84.4855
21/10/2013,84.1215
18/10/2013,83.801
17/10/2013,83.4935
15/10/2013,83.6735
14/10/2013,83.1487
11/10/2013,82.7795
10/10/2013,83.8725
09/10/2013,83.9247
08/10/2013,83.6875
07/10/2013,83.836
04/10/2013,83.679
03/10/2013,84.236
01/10/2013,84.5365
30/09/2013,84.6745
27/09/2013,83.42
26/09/2013,84.1073
25/09/2013,84.4589
24/09/2013,84.5955
23/09/2013,84.671
20/09/2013,84.2295
19/09/2013,83.546
18/09/2013,84.3675
17/09/2013,84.598
16/09/2013,83.496
13/09/2013,84.6675
12/09/2013,84.723
11/09/2013,84.651
10/09/2013,85.2073
06/09/2013,86.5828
05/09/2013,86.994
04/09/2013,88.2374
03/09/2013,88.095
02/09/2013,87.0575
30/08/2013,88.1605
29/08/2013,90.0295
28/08/2013,91.4682
27/08/2013,87.746
26/08/2013,85.9342
23/08/2013,86.3035
22/08/2013,87.3176
21/08/2013,85.1205
20/08/2013,85.0698
19/08/2013,83.0686
16/08/2013,82.451
14/08/2013,81.6266
13/08/2013,81.777
12/08/2013,81.0345
08/08/2013,81.542
07/08/2013,81.699
06/08/2013,81.5785
05/08/2013,80.7335
02/08/2013,80.3655
01/08/2013,80.6025
31/07/2013,80.9535
30/07/2013,79.3277
29/07/2013,78.7129
26/07/2013,78.218
25/07/2013,77.8668
24/07/2013,78.4355
23/07/2013,78.6865
22/07/2013,78.1135
19/07/2013,78.5222
18/07/2013,78.2195
17/07/2013,77.9875
16/07/2013,77.725
15/07/2013,78.4705
12/07/2013,78.3241
11/07/2013,77.985
10/07/2013,76.8915
09/07/2013,77.433
08/07/2013,78.2746
05/07/2013,77.8085
04/07/2013,78.0787
03/07/2013,77.9505
02/07/2013,77.6085
01/07/2013,77.066
28/06/2013,77.976
27/06/2013,78.9412
26/06/2013,78.2265
25/06/2013,78.3826
24/06/2013,78.2286
21/06/2013,78.593
20/06/2013,79.1871
19/06/2013,78.6996
18/06/2013,77.911
17/06/2013,76.9628
14/06/2013,77.0225
13/06/2013,78.1193
12/06/2013,77.5045
11/06/2013,78.1846
10/06/2013,76.236
07/06/2013,75.2033
06/06/2013,74.5155
05/06/2013,73.859
04/06/2013,73.972
03/06/2013,73.6405
31/05/2013,73.6807
30/05/2013,72.7976
29/05/2013,72.324
28/05/2013,72.0265
27/05/2013,71.958
24/05/2013,71.9415
23/05/2013,71.86
22/05/2013,71.6725
21/05/2013,70.9269
20/05/2013,70.6835
17/05/2013,70.5785
16/05/2013,70.4605
15/05/2013,70.7189
14/05/2013,71.0193
13/05/2013,71.3167
10/05/2013,71.1075
09/05/2013,71.362
08/05/2013,70.998
07/05/2013,70.9996
06/05/2013,70.7203
03/05/2013,70.4994
02/05/2013,70.7155
30/04/2013,70.9775
29/04/2013,70.903
26/04/2013,70.675
25/04/2013,70.6215
23/04/2013,70.8017
22/04/2013,70.7045
18/04/2013,70.4933
17/04/2013,71.0455
16/04/2013,71.0531
15/04/2013,71.415
12/04/2013,71.331
10/04/2013,71.326
09/04/2013,70.9875
08/04/2013,71.0502
05/04/2013,70.9044
04/04/2013,70.0795
03/04/2013,69.5881
02/04/2013,69.816
28/03/2013,69.5438
26/03/2013,69.8803
25/03/2013,70.4938
22/03/2013,70.1005
21/03/2013,70.228
20/03/2013,70.0365
19/03/2013,70.214
18/03/2013,70.0187
15/03/2013,70.5023
14/03/2013,70.5005
13/03/2013,70.5545
12/03/2013,70.7315
11/03/2013,70.6107
08/03/2013,71.2385
07/03/2013,71.1265
06/03/2013,71.4295
05/03/2013,71.2092
04/03/2013,71.6145
01/03/2013,71.2736
28/02/2013,70.6805
27/02/2013,70.3855
26/02/2013,70.6105
25/02/2013,71.413
22/02/2013,71.9061
21/02/2013,72.2318
20/02/2013,72.5355
18/02/2013,72.4405
15/02/2013,72.0865
14/02/2013,72.376
13/02/2013,72.397
12/02/2013,72.2305
11/02/2013,71.869
08/02/2013,71.785
07/02/2013,71.9355
06/02/2013,72.0165
05/02/2013,71.8773
04/02/2013,72.206
01/02/2013,72.6296
31/01/2013,72.2325
30/01/2013,72.234
29/01/2013,72.2115
28/01/2013,72.507
24/01/2013,71.721
23/01/2013,71.567
22/01/2013,71.4275
21/01/2013,71.776
18/01/2013,72.205
17/01/2013,72.6545
16/01/2013,72.8285
15/01/2013,72.8525
14/01/2013,73.1273
11/01/2013,72.2945
10/01/2013,71.3235
09/01/2013,71.9235
08/01/2013,72.568
07/01/2013,71.669
04/01/2013,71.5405
03/01/2013,71.4945
02/01/2013,72.19
01/01/2013,72.4803
31/12/2012,72.2605
28/12/2012,72.6298
27/12/2012,72.633
26/12/2012,72.4525
24/12/2012,72.6164
21/12/2012,72.773
20/12/2012,72.4667
19/12/2012,72.4775
18/12/2012,72.244
17/12/2012,71.8595
14/12/2012,71.292
13/12/2012,70.944
12/12/2012,70.547
11/12/2012,70.3615
10/12/2012,70.132
07/12/2012,70.2175
06/12/2012,71.115
05/12/2012,71.529
04/12/2012,71.71
03/12/2012,71.0815
30/11/2012,70.888
29/11/2012,71.47
27/11/2012,72.35
26/11/2012,72.1005
23/11/2012,71.3665
22/11/2012,70.8575
21/11/2012,70.4255
20/11/2012,70.238
19/11/2012,70.1595
16/11/2012,70.223
15/11/2012,70.0345
12/11/2012,69.9335
09/11/2012,69.4274
08/11/2012,69.4755
07/11/2012,69.8325
06/11/2012,69.8635
05/11/2012,69.3651
02/11/2012,69.2425
01/11/2012,69.7105
31/10/2012,70.1495
30/10/2012,69.8495
29/10/2012,69.4965
25/10/2012,69.7455
23/10/2012,69.907
22/10/2012,70.0675
19/10/2012,70.169
18/10/2012,69.456
17/10/2012,69.0385
16/10/2012,68.6125
15/10/2012,68.602
12/10/2012,68.1585
11/10/2012,68.2365
10/10/2012,68.21
09/10/2012,67.9895
08/10/2012,67.7515
05/10/2012,67.1735
04/10/2012,67.198
03/10/2012,67.4485
01/10/2012,67.785
28/09/2012,68.1485
27/09/2012,68.6385
26/09/2012,68.939
25/09/2012,69.0295
24/09/2012,68.951
21/09/2012,70.0095
20/09/2012,70.5725
18/09/2012,71.0335
17/09/2012,70.8415
14/09/2012,71.3415
13/09/2012,71.616
12/09/2012,71.131
11/09/2012,70.85
10/09/2012,70.7425
07/09/2012,70.2025
06/09/2012,70.614
05/09/2012,70.025
04/09/2012,70.019
03/09/2012,69.6955
31/08/2012,69.6555
30/08/2012,69.836
29/08/2012,69.9158
28/08/2012,69.621
27/08/2012,69.496
24/08/2012,69.476
23/08/2012,69.1584
22/08/2012,69.1465
21/08/2012,68.7185
17/08/2012,68.851
16/08/2012,68.6855
14/08/2012,68.8135
13/08/2012,68.0311
10/08/2012,68.0425
09/08/2012,68.269
08/08/2012,68.3135
07/08/2012,68.699
06/08/2012,68.6615
03/08/2012,68.3605
02/08/2012,68.3157
01/08/2012,68.308
31/07/2012,68.452
30/07/2012,68.1465
27/07/2012,68.101
26/07/2012,67.9535
25/07/2012,68.0455
24/07/2012,67.8361
23/07/2012,67.4328
20/07/2012,67.603
19/07/2012,68.0639
18/07/2012,67.954
17/07/2012,67.726
16/07/2012,67.1525
13/07/2012,67.8783
12/07/2012,68.1465
11/07/2012,67.873
10/07/2012,68.5845
09/07/2012,68.8275
06/07/2012,68.6085
05/07/2012,68.966
04/07/2012,68.702
03/07/2012,69.0615
02/07/2012,70.4295
29/06/2012,70.908
28/06/2012,71.2483
27/06/2012,71.4625
26/06/2012,71.4005
25/06/2012,70.8308
22/06/2012,71.5745
21/06/2012,71.5215
20/06/2012,70.8838
19/06/2012,70.5436
18/06/2012,70.664
15/06/2012,70.4411
14/06/2012,70.0703
13/06/2012,69.8792
12/06/2012,69.9805
11/06/2012,69.8215
08/06/2012,69.2125
07/06/2012,69.2433
06/06/2012,69.301
05/06/2012,69.5025
04/06/2012,68.863
01/06/2012,69.1297
31/05/2012,69.9513
30/05/2012,69.8495
29/05/2012,69.7325
28/05/2012,69.634
25/05/2012,69.894
24/05/2012,70.816
23/05/2012,70.877
22/05/2012,70.2093
21/05/2012,69.8556
18/05/2012,69.4885
17/05/2012,69.3003
16/05/2012,68.8719
15/05/2012,69.173
14/05/2012,69.226
11/05/2012,69.288
10/05/2012,69.068
09/05/2012,69.4005
08/05/2012,68.8078
07/05/2012,69.3655
04/05/2012,70.6465
03/05/2012,69.9815
02/05/2012,69.9425
30/04/2012,69.6135
27/04/2012,69.3815
26/04/2012,69.563
25/04/2012,69.252
24/04/2012,69.5325
23/04/2012,68.8375
20/04/2012,68.398
19/04/2012,68.063
18/04/2012,67.5415
17/04/2012,67.6546
16/04/2012,67.1825
13/04/2012,67.6685
12/04/2012,67.6087
11/04/2012,67.5668
10/04/2012,67.1545
09/04/2012,67.0133
04/04/2012,67.3936
03/04/2012,67.4854
30/03/2012,68.3403
29/03/2012,68.224
28/03/2012,67.85
27/03/2012,67.986
26/03/2012,67.9785
22/03/2012,67.4035
21/03/2012,67.1366
20/03/2012,66.5226
19/03/2012,66.0025
16/03/2012,65.8262
15/03/2012,65.5355
14/03/2012,65.0885
13/03/2012,65.6151
12/03/2012,65.3999
09/03/2012,66.1776
07/03/2012,66.4959
06/03/2012,66.0203
05/03/2012,65.7392
02/03/2012,65.6263
01/03/2012,65.5692
29/02/2012,65.9375
28/02/2012,66.0625
27/02/2012,65.89
24/02/2012,65.5701
23/02/2012,65.2903
22/02/2012,65.1638
21/02/2012,65.1705
17/02/2012,64.5849
15/02/2012,64.89
14/02/2012,64.8391
13/02/2012,65.352
10/02/2012,65.7995
09/02/2012,65.5895
08/02/2012,65.1526
07/02/2012,64.1188
06/02/2012,63.5678
03/02/2012,64.3953
02/02/2012,64.748
01/02/2012,64.6569
31/01/2012,65.5157
30/01/2012,65.1882
27/01/2012,65.0492
25/01/2012,65.1255
24/01/2012,65.0887
23/01/2012,64.7876
20/01/2012,65.307
19/01/2012,64.6664
18/01/2012,64.6314
17/01/2012,64.9998
16/01/2012,65.3173
13/01/2012,66.1743
12/01/2012,65.9013
11/01/2012,65.991
10/01/2012,66.7978
09/01/2012,67.0098
06/01/2012,67.4618
05/01/2012,68.1905
04/01/2012,69.2485
03/01/2012,69.1265
02/01/2012,68.9095
30/12/2011,68.9005
29/12/2011,68.9881
28/12/2011,69.5113
27/12/2011,69.1508
26/12/2011,68.9345
23/12/2011,68.9048
22/12/2011,68.8775
21/12/2011,69.1277
20/12/2011,68.9987
19/12/2011,68.9065
16/12/2011,68.8091
15/12/2011,70.4602
14/12/2011,69.8925
13/12/2011,70.4435
12/12/2011,69.9405
09/12/2011,69.6008
08/12/2011,69.4246
07/12/2011,69.1235
05/12/2011,68.9227
02/12/2011,69.138
01/12/2011,69.5086
30/11/2011,69.4735
29/11/2011,69.3658
28/11/2011,69.1243
25/11/2011,69.4263
24/11/2011,69.8261
23/11/2011,70.0732
22/11/2011,71.0788
21/11/2011,69.8883
18/11/2011,69.2589
17/11/2011,68.4619
16/11/2011,68.475
15/11/2011,68.7875
14/11/2011,68.8325
11/11/2011,68.446
09/11/2011,68.8169
08/11/2011,67.8411
04/11/2011,67.791
03/11/2011,67.592
02/11/2011,67.6445
01/11/2011,67.7597
31/10/2011,68.3616
28/10/2011,69.2853
25/10/2011,69.151
24/10/2011,69.5253
21/10/2011,69.035
20/10/2011,68.0541
19/10/2011,67.9645
18/10/2011,67.5815
17/10/2011,67.788
14/10/2011,67.7248
13/10/2011,67.5553
12/10/2011,67.1707
11/10/2011,66.8029
10/10/2011,66.167
07/10/2011,65.9981
05/10/2011,65.4394
04/10/2011,65.064
03/10/2011,65.8478
29/09/2011,66.6458
28/09/2011,66.4313
27/09/2011,66.6331
26/09/2011,66.471
23/09/2011,66.9815
22/09/2011,66.1025
21/09/2011,65.6372
20/09/2011,65.6462
19/09/2011,65.3544
16/09/2011,65.7906
15/09/2011,65.677
14/09/2011,65.1143
13/09/2011,64.4222
12/09/2011,63.6609
09/09/2011,64.4825
08/09/2011,64.9545
07/09/2011,64.7758
06/09/2011,64.878
05/09/2011,64.9718
02/09/2011,65.4075
30/08/2011,66.6958
29/08/2011,66.6795
26/08/2011,66.4788
25/08/2011,66.529
24/08/2011,65.9745
23/08/2011,65.7742
22/08/2011,66.0129
18/08/2011,65.6845
17/08/2011,65.3355
16/08/2011,65.062
12/08/2011,64.366
11/08/2011,64.5821
10/08/2011,64.7633
09/08/2011,64.2588
08/08/2011,64.5563
05/08/2011,63.111
04/08/2011,63.5501
03/08/2011,62.8711
02/08/2011,62.985
01/08/2011,63.4633
29/07/2011,63.1018
28/07/2011,63.3322
27/07/2011,63.6663
26/07/2011,64.1666
25/07/2011,63.8654
22/07/2011,63.8745
21/07/2011,63.4095
20/07/2011,62.9435
19/07/2011,62.782
18/07/2011,62.5955
15/07/2011,62.9779
14/07/2011,63.1503
13/07/2011,62.3994
12/07/2011,62.2589
11/07/2011,62.9578
08/07/2011,63.6456
07/07/2011,63.6291
06/07/2011,64.1591
05/07/2011,64.3968
04/07/2011,64.625
01/07/2011,64.8018
30/06/2011,64.79
29/06/2011,64.6
28/06/2011,64.34
27/06/2011,63.75
24/06/2011,64.09
23/06/2011,64.21
22/06/2011,64.58
21/06/2011,64.48
20/06/2011,64.01
17/06/2011,63.62
16/06/2011,63.39
15/06/2011,64.29
14/06/2011,64.55
13/06/2011,64.37
10/06/2011,64.72
09/06/2011,65.38
08/06/2011,65.47
07/06/2011,65.48
06/06/2011,65.47
03/06/2011,64.89
02/06/2011,64.58
01/06/2011,64.76
31/05/2011,64.75
30/05/2011,64.35
27/05/2011,64.4
26/05/2011,64.18
25/05/2011,63.7
24/05/2011,63.58
23/05/2011,63.61
20/05/2011,64.34
19/05/2011,64.16
18/05/2011,64.3
16/05/2011,63.57
13/05/2011,64.03
12/05/2011,63.59
11/05/2011,64.39
10/05/2011,63.9
09/05/2011,64.43
06/05/2011,65.27
05/05/2011,66.23
04/05/2011,66.04
03/05/2011,65.75
02/05/2011,65.57
29/04/2011,65.83
28/04/2011,65.78
27/04/2011,65.17
26/04/2011,64.81
25/04/2011,64.78
21/04/2011,64.69
20/04/2011,63.92
19/04/2011,63.53
18/04/2011,63.66
15/04/2011,64.41
13/04/2011,64.42
11/04/2011,63.9
08/04/2011,63.4
07/04/2011,63.23
06/04/2011,63.09
05/04/2011,63.01
31/03/2011,63.24
30/03/2011,63.02
29/03/2011,63.09
28/03/2011,62.96
25/03/2011,63.28
24/03/2011,63.06
23/03/2011,63.68
22/03/2011,63.98
21/03/2011,63.81
18/03/2011,63.43
17/03/2011,63
16/03/2011,63.13
15/03/2011,63.08
14/03/2011,62.95
11/03/2011,62.43
10/03/2011,62.56
09/03/2011,62.54
08/03/2011,62.94
07/03/2011,63.06
04/03/2011,62.8
03/03/2011,62.33
01/03/2011,62.32
28/02/2011,62.15
25/02/2011,62.68
24/02/2011,62.39
23/02/2011,61.88
22/02/2011,61.41
21/02/2011,61.7
18/02/2011,61.43
17/02/2011,61.6
15/02/2011,61.43
14/02/2011,61.63
11/02/2011,62.02
10/02/2011,62.41
09/02/2011,61.86
08/02/2011,61.84
07/02/2011,62.04
04/02/2011,62.24
03/02/2011,62.96
02/02/2011,63.16
01/02/2011,62.84
31/01/2011,62.54
28/01/2011,62.73
27/01/2011,62.46
25/01/2011,62.14
24/01/2011,62.01
21/01/2011,61.65
20/01/2011,61.45
19/01/2011,61.15
18/01/2011,60.62
17/01/2011,60.73
14/01/2011,60.4
13/01/2011,59.1
12/01/2011,58.68
11/01/2011,58.7
10/01/2011,58.63
07/01/2011,58.93
06/01/2011,59.56
05/01/2011,59.99
04/01/2011,59.79
03/01/2011,59.37
31/12/2010,59.81
30/12/2010,59.47
29/12/2010,59.22
28/12/2010,59.75
27/12/2010,59.32
24/12/2010,59.34
23/12/2010,59.12
22/12/2010,59.32
21/12/2010,59.61
20/12/2010,59.77
16/12/2010,60.05
15/12/2010,60.27
14/12/2010,60.31
13/12/2010,59.69
10/12/2010,59.99
09/12/2010,60.04
08/12/2010,59.63
07/12/2010,59.72
06/12/2010,59.92
03/12/2010,59.63
02/12/2010,59.52
01/12/2010,59.53
30/11/2010,60.36
29/11/2010,60.66
26/11/2010,60.84
25/11/2010,60.81
24/11/2010,61.12
23/11/2010,61.8
22/11/2010,62.27
19/11/2010,61.78
18/11/2010,61.8
16/11/2010,61.55
15/11/2010,61.74
12/11/2010,60.73
11/11/2010,60.96
10/11/2010,61.11
09/11/2010,61.58
08/11/2010,61.81
04/11/2010,62.59
03/11/2010,62.11
02/11/2010,61.92
01/11/2010,62.16
29/10/2010,61.81
28/10/2010,61.56
27/10/2010,61.47
26/10/2010,62.07
25/10/2010,62.33
22/10/2010,62.07
21/10/2010,61.95
20/10/2010,61.05
19/10/2010,61.85
18/10/2010,61.45
15/10/2010,61.95
14/10/2010,62.25
13/10/2010,62.09
12/10/2010,61.81
11/10/2010,61.93
08/10/2010,61.8
07/10/2010,61.7
06/10/2010,61.34
05/10/2010,61.34
04/10/2010,61.13
01/10/2010,60.96
29/09/2010,61
28/09/2010,60.66
27/09/2010,60.62
24/09/2010,60.75
23/09/2010,61.1
22/09/2010,60.58
21/09/2010,59.84
20/09/2010,59.63
17/09/2010,60.34
16/09/2010,60.14
15/09/2010,60.17
14/09/2010,59.63
13/09/2010,59.39
09/09/2010,59.11
08/09/2010,59.43
07/09/2010,59.76
06/09/2010,60.01
03/09/2010,59.82
02/09/2010,59.94
01/09/2010,59.6
31/08/2010,59.5
30/08/2010,59.67
27/08/2010,59.59
26/08/2010,59.45
25/08/2010,59.35
24/08/2010,59.19
23/08/2010,59.28
20/08/2010,59.66
18/08/2010,59.88
17/08/2010,59.98
16/08/2010,59.87
13/08/2010,60.05
12/08/2010,60.54
11/08/2010,60.78
10/08/2010,60.93
09/08/2010,61.26
06/08/2010,60.7
05/08/2010,60.8
04/08/2010,61.07
03/08/2010,60.81
02/08/2010,60.42
30/07/2010,60.73
29/07/2010,60.74
28/07/2010,60.62
27/07/2010,60.8
26/07/2010,60.64
23/07/2010,60.53
22/07/2010,60.38
21/07/2010,60.98
20/07/2010,61.29
19/07/2010,60.62
16/07/2010,60.37
15/07/2010,59.47
14/07/2010,59.29
13/07/2010,58.9
12/07/2010,58.8
09/07/2010,59.36
08/07/2010,59.32
07/07/2010,59.27
06/07/2010,58.77
05/07/2010,58.57
02/07/2010,58.29
01/07/2010,56.99
30/06/2010,56.94
29/06/2010,56.93
28/06/2010,57.03
25/06/2010,57.39
24/06/2010,57.05
23/06/2010,56.85
22/06/2010,56.67
21/06/2010,56.83
18/06/2010,57.18
17/06/2010,57.09
16/06/2010,57.16
15/06/2010,56.92
14/06/2010,56.81
11/06/2010,56.66
10/06/2010,56.58
09/06/2010,56.2
08/06/2010,56.13
07/06/2010,56.38
04/06/2010,56.85
03/06/2010,57.22
02/06/2010,57.59
01/06/2010,57.26
31/05/2010,57.17
28/05/2010,57.38
26/05/2010,58.43
25/05/2010,58.19
24/05/2010,58.38
21/05/2010,59.03
20/05/2010,57.69
19/05/2010,56.07
18/05/2010,56.37
17/05/2010,56.19
14/05/2010,56.57
13/05/2010,56.98
12/05/2010,57.28
11/05/2010,57.28
10/05/2010,58.34
07/05/2010,57.81
06/05/2010,57.91
05/05/2010,58.27
04/05/2010,58.72
03/05/2010,59
30/04/2010,58.94
29/04/2010,58.88
28/04/2010,58.9
27/04/2010,59.43
26/04/2010,59.19
23/04/2010,58.91
22/04/2010,59.57
21/04/2010,59.67
20/04/2010,60.01
19/04/2010,60.05
16/04/2010,60.16
15/04/2010,60.53
13/04/2010,60.63
12/04/2010,60.5
09/04/2010,59.3
08/04/2010,59.49
07/04/2010,59.39
06/04/2010,59.67
05/04/2010,60.29
31/03/2010,60.56
30/03/2010,60.76
29/03/2010,60.61
26/03/2010,60.52
25/03/2010,60.71
23/03/2010,61.6
22/03/2010,61.45
19/03/2010,61.89
18/03/2010,62.22
17/03/2010,62.55
15/03/2010,62.59
12/03/2010,62.27
11/03/2010,62.02
10/03/2010,61.75
09/03/2010,62.01
08/03/2010,62.12
05/03/2010,62.15
04/03/2010,62.61
03/03/2010,62.58
02/03/2010,62.31
26/02/2010,62.81
25/02/2010,62.42
24/02/2010,62.63
23/02/2010,62.84
22/02/2010,62.92
19/02/2010,62.56
18/02/2010,62.76
17/02/2010,63.36
16/02/2010,62.98
15/02/2010,63
11/02/2010,64.02
10/02/2010,64.07
09/02/2010,63.94
08/02/2010,63.8
05/02/2010,63.85
04/02/2010,63.96
03/02/2010,64.33
02/02/2010,64.39
01/02/2010,64.32
29/01/2010,64.63
28/01/2010,64.88
27/01/2010,65.12
25/01/2010,65.41
22/01/2010,65.27
21/01/2010,64.8
20/01/2010,65.2
19/01/2010,65.67
18/01/2010,65.64
15/01/2010,65.88
14/01/2010,66.1
13/01/2010,66.21
12/01/2010,65.86
11/01/2010,65.79
08/01/2010,65.56
07/01/2010,65.94
06/01/2010,66.2
05/01/2010,66.78
04/01/2010,66.48
01/01/2010,66.83
31/12/2009,67.07
30/12/2009,67.02
29/12/2009,67.11
24/12/2009,67.13
23/12/2009,66.77
22/12/2009,66.88
21/12/2009,67.12
18/12/2009,67.36
17/12/2009,67.35
16/12/2009,67.95
15/12/2009,68.26
14/12/2009,68.46
11/12/2009,68.55
10/12/2009,68.73
09/12/2009,68.77
08/12/2009,69.2
07/12/2009,69.16
04/12/2009,69.63
03/12/2009,69.75
02/12/2009,69.8
01/12/2009,69.68
30/11/2009,69.99
27/11/2009,69.83
26/11/2009,69.88
25/11/2009,69.5
24/11/2009,69.57
23/11/2009,69.43
20/11/2009,69.54
19/11/2009,69.26
18/11/2009,68.89
17/11/2009,69.1
16/11/2009,68.99
13/11/2009,69.13
12/11/2009,69.71
11/11/2009,69.72
10/11/2009,69.69
09/11/2009,69.58
06/11/2009,69.64
05/11/2009,69.98
04/11/2009,69.41
03/11/2009,69.61
30/10/2009,69.65
29/10/2009,69.97
28/10/2009,69.86
27/10/2009,69.8
26/10/2009,70.01
23/10/2009,69.69
22/10/2009,69.89
21/10/2009,69.36
20/10/2009,68.95
16/10/2009,68.97
15/10/2009,68.62
14/10/2009,68.7
12/10/2009,68.48
09/10/2009,68.48
08/10/2009,68.28
07/10/2009,68.9
06/10/2009,69.48
05/10/2009,69.63
01/10/2009,69.71
29/09/2009,70.24
25/09/2009,70.53
24/09/2009,70.88
23/09/2009,70.99
22/09/2009,70.95
18/09/2009,70.92
17/09/2009,70.76
16/09/2009,71.02
15/09/2009,71.06
14/09/2009,70.73
11/09/2009,70.87
10/09/2009,70.52
09/09/2009,70.29
08/09/2009,69.93
07/09/2009,69.9
04/09/2009,69.76
03/09/2009,69.81
02/09/2009,69.78
01/09/2009,69.99
31/08/2009,69.7
28/08/2009,70.11
27/08/2009,69.77
26/08/2009,69.87
25/08/2009,69.73
24/08/2009,69.45
21/08/2009,69.34
20/08/2009,69.35
18/08/2009,68.86
17/08/2009,68.77
14/08/2009,68.89
13/08/2009,68.64
12/08/2009,68.33
11/08/2009,67.84
10/08/2009,67.83
07/08/2009,68.69
06/08/2009,68.58
05/08/2009,68.59
04/08/2009,68.49
03/08/2009,68.19
31/07/2009,68.08
30/07/2009,68.2
29/07/2009,68.45
28/07/2009,68.82
27/07/2009,68.72
24/07/2009,68.63
23/07/2009,69.07
22/07/2009,68.7
21/07/2009,68.54
20/07/2009,68.59
17/07/2009,68.69
16/07/2009,68.59
15/07/2009,68.37
14/07/2009,68.42
13/07/2009,68.75
10/07/2009,68
09/07/2009,68.16
08/07/2009,67.83
07/07/2009,67.6
06/07/2009,67.35
03/07/2009,67.25
02/07/2009,67.47
01/07/2009,67.51
30/06/2009,67.69
29/06/2009,67.45
26/06/2009,68.13
25/06/2009,67.79
24/06/2009,68.49
23/06/2009,67.75
22/06/2009,67.09
19/06/2009,67.03
18/06/2009,67.1
17/06/2009,66.61
16/06/2009,66.13
15/06/2009,66.6
12/06/2009,66.81
11/06/2009,66.58
10/06/2009,66.71
09/06/2009,66.18
08/06/2009,66.07
05/06/2009,66.86
04/06/2009,66.97
03/06/2009,66.9
02/06/2009,66.58
01/06/2009,66.48
29/05/2009,66.18
28/05/2009,66.16
27/05/2009,66.42
26/05/2009,66.54
25/05/2009,66.18
22/05/2009,65.75
21/05/2009,65.36
20/05/2009,64.86
19/05/2009,64.43
18/05/2009,64.81
15/05/2009,67.38
14/05/2009,67.61
13/05/2009,67.53
12/05/2009,67.5
11/05/2009,67.14
08/05/2009,66.08
07/05/2009,65.63
06/05/2009,65.81
05/05/2009,66.31
04/05/2009,66.11
29/04/2009,66.29
28/04/2009,65.68
27/04/2009,65.72
24/04/2009,65.76
23/04/2009,65.47
22/04/2009,64.96
21/04/2009,65.08
20/04/2009,64.88
17/04/2009,65.1
16/04/2009,65.35
15/04/2009,65.98
13/04/2009,65.78
09/04/2009,66.34
08/04/2009,66.6
06/04/2009,67.74
02/04/2009,66.9
31/03/2009,67.48
30/03/2009,67.52
26/03/2009,68.64
25/03/2009,68.51
24/03/2009,68.73
23/03/2009,69.11
20/03/2009,68.39
19/03/2009,68.28
18/03/2009,66.99
17/03/2009,66.64
16/03/2009,66.59
13/03/2009,66.73
12/03/2009,66.19
09/03/2009,65.42
06/03/2009,65.04
05/03/2009,65.53
04/03/2009,64.92
03/03/2009,65.38
02/03/2009,65.19
27/02/2009,64.57
26/02/2009,64.03
25/02/2009,63.9
24/02/2009,63.49
19/02/2009,62.75
18/02/2009,62.88
17/02/2009,62.18
16/02/2009,62.1
13/02/2009,62.94
12/02/2009,62.88
11/02/2009,63.07
10/02/2009,62.54
09/02/2009,62.64
06/02/2009,62.29
05/02/2009,62.69
04/02/2009,63.46
03/02/2009,62.67
02/02/2009,62.38
30/01/2009,63.25
29/01/2009,64.1
28/01/2009,64.76
27/01/2009,64.51
23/01/2009,63.6
22/01/2009,63.7
21/01/2009,63.61
20/01/2009,63.69
19/01/2009,64.82
16/01/2009,64.71
15/01/2009,64.74
14/01/2009,64.71
13/01/2009,64.9
12/01/2009,65.1
09/01/2009,66.84
07/01/2009,65.72
06/01/2009,65.79
05/01/2009,67.32
02/01/2009,67.81
01/01/2009,68.09
31/12/2008,68.22
30/12/2008,67.95
29/12/2008,69.17
26/12/2008,67.37
24/12/2008,68.44
23/12/2008,67.86
22/12/2008,66.33
19/12/2008,66.98
18/12/2008,68.22
17/12/2008,66.69
16/12/2008,65.56
15/12/2008,64.7
12/12/2008,64.7
11/12/2008,63.76
10/12/2008,63.52
08/12/2008,63.14
05/12/2008,63.46
04/12/2008,63.08
03/12/2008,63.42
02/12/2008,63.72
01/12/2008,63.48
28/11/2008,64.38
26/11/2008,64.68
25/11/2008,64.21
24/11/2008,63.4
21/11/2008,62.71
20/11/2008,63.12
19/11/2008,62.78
18/11/2008,62.58
17/11/2008,61.57
14/11/2008,62.96
12/11/2008,61.48
11/11/2008,60.57
10/11/2008,60.73
07/11/2008,60.81
06/11/2008,61.19
05/11/2008,60.89
04/11/2008,61.3
03/11/2008,63.08
31/10/2008,62.84
29/10/2008,63.36
27/10/2008,62.76
24/10/2008,63.65
23/10/2008,63.91
22/10/2008,63.35
20/10/2008,65.86
17/10/2008,65.7
16/10/2008,65.51
15/10/2008,65.91
14/10/2008,65.12
13/10/2008,65.63
10/10/2008,65.9
08/10/2008,66.12
07/10/2008,65.2
06/10/2008,64.46
03/10/2008,64.99
01/10/2008,66.36
29/09/2008,67.79
26/09/2008,67.95
25/09/2008,68.11
24/09/2008,67.26
23/09/2008,67.6
22/09/2008,65.74
19/09/2008,65.9
18/09/2008,66.98
17/09/2008,65.82
16/09/2008,66.49
15/09/2008,65.95
12/09/2008,64.2
11/09/2008,63.48
10/09/2008,63.83
09/09/2008,63.33
08/09/2008,63.53
05/09/2008,63.41
04/09/2008,64.46
02/09/2008,64.42
01/09/2008,64.72
29/08/2008,64.56
28/08/2008,64.61
27/08/2008,64.29
26/08/2008,64.71
25/08/2008,64.16
22/08/2008,64.55
21/08/2008,64.52
20/08/2008,64.47
18/08/2008,63.8
14/08/2008,63.83
13/08/2008,63.71
12/08/2008,62.96
11/08/2008,62.82
08/08/2008,64.27
07/08/2008,64.81
06/08/2008,65.09
05/08/2008,65.69
04/08/2008,66.02
01/08/2008,65.96
31/07/2008,66.33
30/07/2008,66.14
29/07/2008,66.95
28/07/2008,66.42
25/07/2008,66.41
24/07/2008,65.82
23/07/2008,66.75
22/07/2008,68.02
21/07/2008,67.73
18/07/2008,67.9
17/07/2008,68.01
16/07/2008,68.68
15/07/2008,68.78
14/07/2008,68.07
11/07/2008,67.38
10/07/2008,67.95
09/07/2008,67.77
08/07/2008,68.08
07/07/2008,67.41
04/07/2008,67.92
03/07/2008,68.72
02/07/2008,68.54
01/07/2008,68.24
30/06/2008,67.81
27/06/2008,67.34
26/06/2008,66.97
25/06/2008,66.62
24/06/2008,66.73
23/06/2008,66.99
20/06/2008,66.72
19/06/2008,66.82
18/06/2008,66.46
17/06/2008,66.66
16/06/2008,65.99
13/06/2008,66.11
12/06/2008,66.1
11/06/2008,66.45
10/06/2008,66.86
09/06/2008,67.66
06/06/2008,66.71
05/06/2008,66.17
04/06/2008,65.8
03/06/2008,66.18
02/06/2008,65.58
30/05/2008,65.99
29/05/2008,66.65
28/05/2008,67.36
27/05/2008,67.61
26/05/2008,67.08
23/05/2008,67.32
22/05/2008,68.1
21/05/2008,66.9
20/05/2008,66.39
16/05/2008,66
15/05/2008,65.84
14/05/2008,65.46
13/05/2008,65.54
12/05/2008,64.13
09/05/2008,63.89
08/05/2008,64.01
07/05/2008,63.76
06/05/2008,63.08
05/05/2008,62.74
02/05/2008,62.78
30/04/2008,63.09
29/04/2008,62.83
28/04/2008,62.92
25/04/2008,62.9
24/04/2008,63.44
23/04/2008,63.8
22/04/2008,63.39
21/04/2008,63.06
16/04/2008,63.31
15/04/2008,63.22
11/04/2008,63.05
10/04/2008,63.24
09/04/2008,62.97
08/04/2008,62.94
07/04/2008,62.55
04/04/2008,62.6
03/04/2008,62.49
02/04/2008,62.25
31/03/2008,63.09
28/03/2008,63.31
27/03/2008,63.41
26/03/2008,62.59
25/03/2008,62.41
24/03/2008,62.01
19/03/2008,63.48
18/03/2008,64.09
17/03/2008,64.48
14/03/2008,63.2
13/03/2008,62.9
12/03/2008,61.86
11/03/2008,62.11
10/03/2008,62.54
07/03/2008,62.4
05/03/2008,61.23
04/03/2008,61.2
03/03/2008,61.26
29/02/2008,60.63
28/02/2008,60.12
27/02/2008,59.6
26/02/2008,59.13
25/02/2008,59.39
22/02/2008,59.2
21/02/2008,59.02
20/02/2008,59.06
19/02/2008,58.59
18/02/2008,58.22
15/02/2008,58.09
14/02/2008,57.78
13/02/2008,57.81
12/02/2008,57.62
11/02/2008,57.8
08/02/2008,57.27
07/02/2008,57.75
06/02/2008,58.04
05/02/2008,58.41
04/02/2008,58.38
01/02/2008,58.48
31/01/2008,58.73
30/01/2008,58.26
29/01/2008,58.23
28/01/2008,57.92
25/01/2008,58.14
24/01/2008,57.65
23/01/2008,57.89
22/01/2008,57.34
21/01/2008,57.27
18/01/2008,57.51
17/01/2008,57.6
16/01/2008,58.29
15/01/2008,58.4
14/01/2008,58.39
11/01/2008,58.16
10/01/2008,57.71
09/01/2008,57.85
08/01/2008,57.73
07/01/2008,57.8
04/01/2008,57.91
03/01/2008,58.04
02/01/2008,57.76
01/01/2008,57.51
31/12/2007,58.12
28/12/2007,57.69
27/12/2007,57.22
26/12/2007,56.77
24/12/2007,56.78
20/12/2007,56.85
19/12/2007,57.02
18/12/2007,56.99
17/12/2007,56.83
14/12/2007,57.62
13/12/2007,57.92
12/12/2007,57.79
11/12/2007,57.96
10/12/2007,57.66
07/12/2007,57.58
06/12/2007,57.65
05/12/2007,58.2
04/12/2007,57.83
03/12/2007,58.04
30/11/2007,58.46
29/11/2007,58.94
28/11/2007,58.81
27/11/2007,59.21
26/11/2007,58.79
23/11/2007,59.04
22/11/2007,58.56
21/11/2007,58.49
20/11/2007,57.71
19/11/2007,57.67
16/11/2007,57.56
15/11/2007,57.68
14/11/2007,57.67
13/11/2007,57.44
12/11/2007,57.54
08/11/2007,57.57
07/11/2007,57.48
06/11/2007,56.96
05/11/2007,56.96
02/11/2007,56.83
01/11/2007,56.9
31/10/2007,56.75
30/10/2007,56.69
29/10/2007,56.81
26/10/2007,56.76
25/10/2007,56.42
24/10/2007,56.35
23/10/2007,56.42
22/10/2007,56.98
19/10/2007,56.87
18/10/2007,56.18
17/10/2007,56.23
16/10/2007,55.86
15/10/2007,55.71
12/10/2007,55.74
11/10/2007,55.76
10/10/2007,55.51
09/10/2007,55.49
08/10/2007,55.66
05/10/2007,55.76
04/10/2007,55.76
03/10/2007,56.41
01/10/2007,56.63
28/09/2007,56.3
27/09/2007,56.24
26/09/2007,56.09
25/09/2007,56.02
24/09/2007,56.22
21/09/2007,56.19
20/09/2007,55.88
19/09/2007,56.28
18/09/2007,56.15
17/09/2007,56.17
14/09/2007,56.09
13/09/2007,56.2
12/09/2007,56.14
11/09/2007,55.97
10/09/2007,55.96
07/09/2007,55.66
06/09/2007,55.76
05/09/2007,55.59
04/09/2007,55.72
03/09/2007,55.79
31/08/2007,55.96
30/08/2007,56.07
29/08/2007,56.06
28/08/2007,56.03
27/08/2007,56.02
24/08/2007,55.85
23/08/2007,55.38
22/08/2007,55.3
21/08/2007,55.34
17/08/2007,55.74
16/08/2007,55.16
14/08/2007,55.42
13/08/2007,55.55
10/08/2007,55.6
09/08/2007,55.77
08/08/2007,55.7
07/08/2007,55.73
06/08/2007,55.94
03/08/2007,55.31
02/08/2007,55.26
01/08/2007,55.35
31/07/2007,55.42
30/07/2007,55.31
27/07/2007,55.55
26/07/2007,55.23
25/07/2007,55.64
24/07/2007,55.6
23/07/2007,55.8
20/07/2007,55.65
19/07/2007,55.75
18/07/2007,55.81
17/07/2007,55.65
16/07/2007,55.67
13/07/2007,55.74
12/07/2007,55.56
11/07/2007,55.52
10/07/2007,54.98
09/07/2007,55
06/07/2007,54.96
05/07/2007,55.09
04/07/2007,55.18
03/07/2007,55.29
02/07/2007,55.05
29/06/2007,54.79
28/06/2007,55.03
27/06/2007,55.04
26/06/2007,55.09
25/06/2007,54.91
22/06/2007,54.63
21/06/2007,54.59
20/06/2007,54.79
19/06/2007,54.65
18/06/2007,54.58
15/06/2007,54.56
14/06/2007,54.32
13/06/2007,54.46
12/06/2007,54.44
11/06/2007,54.6
08/06/2007,54.99
07/06/2007,54.89
06/06/2007,54.89
05/06/2007,54.74
04/06/2007,54.43
01/06/2007,54.51
31/05/2007,54.74
30/05/2007,54.65
29/05/2007,54.37
28/05/2007,54.52
25/05/2007,54.55
24/05/2007,54.57
23/05/2007,54.58
22/05/2007,54.74
21/05/2007,54.87
18/05/2007,55.18
17/05/2007,55.23
16/05/2007,55.56
15/05/2007,55.39
14/05/2007,55.42
11/05/2007,55.74
10/05/2007,55.58
09/05/2007,55.42
08/05/2007,55.53
07/05/2007,55.19
04/05/2007,55.47
03/05/2007,56.07
30/04/2007,56.2
27/04/2007,55.84
26/04/2007,55.66
25/04/2007,56.91
24/04/2007,56.46
23/04/2007,56.61
20/04/2007,57.22
19/04/2007,57.22
18/04/2007,56.93
17/04/2007,56.5
16/04/2007,57.33
13/04/2007,57.79
12/04/2007,57.71
11/04/2007,57.56
10/04/2007,57.53
09/04/2007,57.27
05/04/2007,57.63
04/04/2007,57.21
03/04/2007,57.64
30/03/2007,58.14
29/03/2007,57.89
28/03/2007,57.58
26/03/2007,57.6
23/03/2007,58.25
22/03/2007,58.44
21/03/2007,58.08
20/03/2007,58.49
16/03/2007,58.67
15/03/2007,58.47
14/03/2007,58.47
13/03/2007,58.24
12/03/2007,58.03
09/03/2007,58.23
08/03/2007,58.54
07/03/2007,58.39
06/03/2007,58.4
05/03/2007,58.53
02/03/2007,58.32
01/03/2007,58.53
28/02/2007,58.58
27/02/2007,58.23
26/02/2007,58.22
23/02/2007,58.1
22/02/2007,58.1
21/02/2007,58.07
20/02/2007,58.22
19/02/2007,57.97
15/02/2007,57.92
14/02/2007,57.56
13/02/2007,57.26
12/02/2007,57.54
09/02/2007,57.46
08/02/2007,57.45
07/02/2007,57.21
06/02/2007,56.99
05/02/2007,57.04
02/02/2007,57.44
31/01/2007,57.25
29/01/2007,57.13
25/01/2007,57.33
24/01/2007,57.61
23/01/2007,57.23
22/01/2007,57.34
19/01/2007,57.61
18/01/2007,57.36
17/01/2007,57.27
16/01/2007,57.38
15/01/2007,57.29
12/01/2007,57.54
11/01/2007,57.76
10/01/2007,57.8
09/01/2007,57.99
08/01/2007,57.8
05/01/2007,57.92
04/01/2007,58.46
03/01/2007,58.88
02/01/2007,58.53
29/12/2006,58.26
28/12/2006,58.22
27/12/2006,58.41
26/12/2006,58.45
22/12/2006,58.83
21/12/2006,59.02
20/12/2006,59.21
19/12/2006,58.69
18/12/2006,58.7
15/12/2006,58.7
14/12/2006,59.14
13/12/2006,59.52
12/12/2006,59.39
11/12/2006,58.95
08/12/2006,59.37
07/12/2006,59.44
06/12/2006,59.36
05/12/2006,59.41
04/12/2006,59.4
01/12/2006,59.26
30/11/2006,58.93
29/11/2006,58.96
28/11/2006,58.71
27/11/2006,58.62
24/11/2006,58.15
23/11/2006,57.82
22/11/2006,57.55
21/11/2006,57.63
20/11/2006,57.59
17/11/2006,57.48
16/11/2006,57.89
15/11/2006,58.05
14/11/2006,57.92
13/11/2006,57.78
10/11/2006,57.12
09/11/2006,56.98
08/11/2006,57.07
07/11/2006,57.21
06/11/2006,56.99
03/11/2006,57.28
02/11/2006,57.32
01/11/2006,57.34
31/10/2006,57.24
30/10/2006,57.32
27/10/2006,57.34
26/10/2006,57.22
23/10/2006,57.18
20/10/2006,57.18
19/10/2006,56.83
18/10/2006,56.8
17/10/2006,56.83
16/10/2006,56.85
13/10/2006,57.15
12/10/2006,57.17
11/10/2006,57.38
10/10/2006,57.65
09/10/2006,57.62
06/10/2006,57.85
05/10/2006,58.1
04/10/2006,58.15
03/10/2006,58.51
29/09/2006,58.33
28/09/2006,58.38
27/09/2006,58.21
26/09/2006,58.63
25/09/2006,58.77
22/09/2006,58.78
21/09/2006,58.28
20/09/2006,58.36
19/09/2006,58.57
18/09/2006,58.44
15/09/2006,58.69
14/09/2006,58.54
13/09/2006,58.65
12/09/2006,58.9
11/09/2006,58.72
08/09/2006,58.72
07/09/2006,59.08
06/09/2006,59.24
05/09/2006,59.33
04/09/2006,59.68
01/09/2006,59.61
31/08/2006,59.71
30/08/2006,59.66
29/08/2006,59.66
28/08/2006,59.55
25/08/2006,59.44
24/08/2006,59.39
23/08/2006,59.56
22/08/2006,59.9
21/08/2006,59.78
18/08/2006,59.66
17/08/2006,59.72
16/08/2006,59.54
14/08/2006,59.36
11/08/2006,59.34
10/08/2006,59.84
09/08/2006,59.67
08/08/2006,59.74
07/08/2006,59.88
04/08/2006,59.55
03/08/2006,59.61
02/08/2006,59.67
01/08/2006,59.39
31/07/2006,59.31
28/07/2006,59.1
27/07/2006,59.33
26/07/2006,58.89
25/07/2006,59.3
24/07/2006,59.29
21/07/2006,59.17
20/07/2006,59
19/07/2006,58.69
18/07/2006,58.53
17/07/2006,58.69
14/07/2006,58.76
13/07/2006,58.83
12/07/2006,58.99
11/07/2006,58.8
10/07/2006,58.97
07/07/2006,58.96
06/07/2006,58.8
05/07/2006,58.96
04/07/2006,58.98
03/07/2006,58.76
30/06/2006,58.54
29/06/2006,58.14
28/06/2006,58.32
27/06/2006,58.38
26/06/2006,57.96
23/06/2006,58.12
22/06/2006,58.3
21/06/2006,57.95
20/06/2006,57.74
19/06/2006,57.78
16/06/2006,58.08
15/06/2006,57.92
14/06/2006,57.82
13/06/2006,57.92
12/06/2006,58.01
09/06/2006,58.03
08/06/2006,58.88
07/06/2006,58.75
06/06/2006,59.31
05/06/2006,59.36
02/06/2006,59.14
01/06/2006,59.03
31/05/2006,59.8
30/05/2006,59.32
29/05/2006,58.58
26/05/2006,58.62
25/05/2006,58.59
24/05/2006,58.48
23/05/2006,58.46
22/05/2006,58.12
19/05/2006,58.32
18/05/2006,57.58
17/05/2006,58.33
16/05/2006,58.39
15/05/2006,58.55
12/05/2006,57.98
11/05/2006,57.45
10/05/2006,57.35
09/05/2006,57
08/05/2006,57.13
05/05/2006,56.94
04/05/2006,56.69
03/05/2006,56.77
02/05/2006,56.47
28/04/2006,56.41
27/04/2006,56.07
26/04/2006,55.92
25/04/2006,55.5
24/04/2006,55.7
21/04/2006,55.4
20/04/2006,55.72
19/04/2006,55.78
18/04/2006,55.34
17/04/2006,54.98
13/04/2006,54.88
12/04/2006,54.58
10/04/2006,54.14
07/04/2006,54.48
05/04/2006,54.83
04/04/2006,54.17
03/04/2006,53.77
31/03/2006,54.2
29/03/2006,53.63
28/03/2006,53.64
27/03/2006,53.79
24/03/2006,53.47
23/03/2006,53.73
22/03/2006,53.76
21/03/2006,53.84
20/03/2006,54.08
17/03/2006,54.05
16/03/2006,53.51
14/03/2006,53.21
13/03/2006,53.16
10/03/2006,52.98
09/03/2006,53.11
08/03/2006,52.85
07/03/2006,53.04
06/03/2006,53.5
03/03/2006,53.32
02/03/2006,52.88
01/03/2006,52.94
28/02/2006,52.7
27/02/2006,52.7
24/02/2006,52.99
23/02/2006,53.07
22/02/2006,53.07
21/02/2006,52.95
20/02/2006,53.17
17/02/2006,52.86
16/02/2006,52.66
15/02/2006,52.74
14/02/2006,52.7
13/02/2006,52.68
10/02/2006,53.01
08/02/2006,52.96
07/02/2006,53.01
06/02/2006,53.13
03/02/2006,53.48
02/02/2006,53.37
01/02/2006,53.68
31/01/2006,53.32
30/01/2006,53.43
27/01/2006,53.91
25/01/2006,54.38
24/01/2006,54.36
23/01/2006,54.06
20/01/2006,53.56
19/01/2006,53.7
18/01/2006,53.77
17/01/2006,53.73
16/01/2006,53.63
13/01/2006,53.35
12/01/2006,53.63
10/01/2006,53.49
09/01/2006,53.77
06/01/2006,53.98
05/01/2006,54.05
04/01/2006,54.09
03/01/2006,53.46
02/01/2006,53.28
30/12/2005,53.55
29/12/2005,53.5
28/12/2005,53.69
27/12/2005,53.5
26/12/2005,53.43
23/12/2005,53.62
22/12/2005,53.64
21/12/2005,53.86
20/12/2005,53.99
19/12/2005,54.37
16/12/2005,54.29
15/12/2005,54.49
14/12/2005,55.01
13/12/2005,55.08
12/12/2005,54.68
09/12/2005,54.56
08/12/2005,54.26
07/12/2005,54.35
06/12/2005,54.43
05/12/2005,54.18
02/12/2005,54.08
01/12/2005,54.21
30/11/2005,54.16
29/11/2005,54.29
28/11/2005,53.74
25/11/2005,53.88
24/11/2005,53.99
23/11/2005,54.15
22/11/2005,53.78
21/11/2005,53.92
18/11/2005,53.6
17/11/2005,53.43
16/11/2005,53.66
14/11/2005,53.71
11/11/2005,53.51
10/11/2005,53.9
09/11/2005,53.87
08/11/2005,53.91
07/11/2005,53.91
04/11/2005,54.19
03/11/2005,54.62
02/11/2005,54.36
31/10/2005,54.43
28/10/2005,54.82
27/10/2005,54.48
26/10/2005,54.52
25/10/2005,53.91
24/10/2005,53.94
21/10/2005,54.31
20/10/2005,54.09
19/10/2005,53.86
18/10/2005,54.1
17/10/2005,54.15
14/10/2005,53.95
13/10/2005,53.83
11/10/2005,53.99
10/10/2005,54.15
07/10/2005,53.95
06/10/2005,53.41
05/10/2005,52.92
04/10/2005,52.58
03/10/2005,52.75
29/09/2005,53.09
28/09/2005,53.04
27/09/2005,52.8
26/09/2005,52.87
23/09/2005,53.35
22/09/2005,53.62
21/09/2005,53.57
20/09/2005,53.48
19/09/2005,53.15
16/09/2005,53.91
15/09/2005,53.7
14/09/2005,53.97
13/09/2005,53.92
12/09/2005,54.05
09/09/2005,54.48
08/09/2005,54.53
06/09/2005,54.78
05/09/2005,54.94
02/09/2005,54.93
01/09/2005,54.38
31/08/2005,53.8
30/08/2005,53.79
29/08/2005,53.99
26/08/2005,53.82
25/08/2005,53.86
24/08/2005,53.23
23/08/2005,53.38
22/08/2005,53.06
19/08/2005,53.01
18/08/2005,53.47
17/08/2005,53.58
16/08/2005,53.8
12/08/2005,54.33
11/08/2005,54.03
10/08/2005,53.9
09/08/2005,53.99
08/08/2005,53.7
05/08/2005,53.8
04/08/2005,53.66
03/08/2005,53.04
02/08/2005,53.08
01/08/2005,52.87
29/07/2005,52.73
26/07/2005,52.42
25/07/2005,52.43
22/07/2005,52.85
21/07/2005,52.84
20/07/2005,52.53
19/07/2005,52.34
18/07/2005,52.56
15/07/2005,52.78
14/07/2005,52.54
13/07/2005,53.16
12/07/2005,52.9
11/07/2005,52.35
08/07/2005,52.02
07/07/2005,52.01
06/07/2005,52.05
05/07/2005,51.84
04/07/2005,51.95
01/07/2005,52.38
30/06/2005,52.68
29/06/2005,52.44
28/06/2005,52.87
27/06/2005,52.82
24/06/2005,52.42
23/06/2005,52.74
22/06/2005,53.01
21/06/2005,52.93
20/06/2005,53.22
17/06/2005,52.75
16/06/2005,52.69
15/06/2005,52.54
14/06/2005,52.9
13/06/2005,52.74
10/06/2005,53.21
09/06/2005,53.22
08/06/2005,53.62
07/06/2005,53.55
06/06/2005,53.37
03/06/2005,53.54
02/06/2005,53.5
01/06/2005,53.93
31/05/2005,54.13
30/05/2005,54.54
27/05/2005,54.52
26/05/2005,54.61
25/05/2005,54.72
24/05/2005,54.75
20/05/2005,54.96
19/05/2005,55.08
18/05/2005,54.98
17/05/2005,54.85
16/05/2005,54.75
13/05/2005,55.05
12/05/2005,55.35
11/05/2005,55.83
10/05/2005,55.75
09/05/2005,55.73
06/05/2005,56.19
05/05/2005,56.27
04/05/2005,56.39
03/05/2005,55.98
02/05/2005,56.01
29/04/2005,56.6
28/04/2005,56.5
27/04/2005,56.47
26/04/2005,56.81
25/04/2005,56.99
21/04/2005,57.28
20/04/2005,57.16
19/04/2005,57.01
15/04/2005,56.1
13/04/2005,56.58
12/04/2005,56.79
11/04/2005,56.54
08/04/2005,56.13
07/04/2005,56.51
06/04/2005,56.36
05/04/2005,56.19
04/04/2005,56.37
31/03/2005,56.58
30/03/2005,56.78
29/03/2005,56.6
28/03/2005,56.52
24/03/2005,56.95
23/03/2005,57.2
22/03/2005,57.58
21/03/2005,57.94
18/03/2005,58.35
17/03/2005,58.53
16/03/2005,58.09
15/03/2005,58.16
14/03/2005,58.46
11/03/2005,58.52
10/03/2005,58.52
09/03/2005,58.25
07/03/2005,57.79
04/03/2005,57.29
03/03/2005,57.33
02/03/2005,57.54
01/03/2005,57.72
28/02/2005,57.94
25/02/2005,57.66
24/02/2005,57.87
23/02/2005,57.9
22/02/2005,57.59
21/02/2005,57.21
18/02/2005,57.3
17/02/2005,57.04
16/02/2005,57.04
15/02/2005,56.77
14/02/2005,56.54
11/02/2005,56.34
10/02/2005,55.88
09/02/2005,55.76
08/02/2005,55.68
07/02/2005,55.81
04/02/2005,56.4
03/02/2005,56.49
02/02/2005,57.02
01/02/2005,57.01
31/01/2005,56.9
28/01/2005,57.08
27/01/2005,57.25
25/01/2005,57.12
24/01/2005,57.12
20/01/2005,56.93
19/01/2005,56.98
18/01/2005,57.06
17/01/2005,57.33
14/01/2005,57.5
13/01/2005,57.88
12/01/2005,57.35
11/01/2005,57.53
10/01/2005,57.52
07/01/2005,57.81
06/01/2005,58.16
05/01/2005,58.14
04/01/2005,58.51
03/01/2005,58.66
31/12/2004,59.4
30/12/2004,59.57
29/12/2004,59.61
28/12/2004,59.53
27/12/2004,59.36
24/12/2004,59.12
23/12/2004,58.85
22/12/2004,58.65
21/12/2004,58.63
20/12/2004,58.54
17/12/2004,58.42
16/12/2004,58.87
15/12/2004,58.73
14/12/2004,58.6
13/12/2004,58.86
10/12/2004,59.09
09/12/2004,58.76
08/12/2004,58.59
07/12/2004,58.73
06/12/2004,58.88
03/12/2004,58.71
02/12/2004,59.08
01/12/2004,59.21
30/11/2004,59.33
29/11/2004,59.66
25/11/2004,59.35
24/11/2004,59
23/11/2004,58.57
22/11/2004,58.78
19/11/2004,58.55
18/11/2004,58.79
17/11/2004,58.45
16/11/2004,58.21
11/11/2004,58.24
10/11/2004,58.21
09/11/2004,58.27
08/11/2004,58.54
05/11/2004,58.06
04/11/2004,58.11
03/11/2004,57.64
02/11/2004,57.79
01/11/2004,58.01
29/10/2004,57.89
28/10/2004,57.96
27/10/2004,58.32
26/10/2004,58.45
25/10/2004,58.28
21/10/2004,57.63
20/10/2004,57.32
19/10/2004,57.13
18/10/2004,57.19
15/10/2004,56.84
14/10/2004,56.66
12/10/2004,56.62
11/10/2004,56.76
08/10/2004,56.54
07/10/2004,56.36
06/10/2004,56.51
05/10/2004,56.29
04/10/2004,56.77
01/10/2004,57.04
29/09/2004,56.85
28/09/2004,56.59
27/09/2004,56.38
24/09/2004,56.38
23/09/2004,56.34
22/09/2004,56.37
21/09/2004,55.85
20/09/2004,55.86
17/09/2004,55.89
16/09/2004,55.85
15/09/2004,56.03
14/09/2004,56.51
13/09/2004,56.72
10/09/2004,56.56
09/09/2004,56.41
08/09/2004,55.94
07/09/2004,56.04
06/09/2004,55.85
03/09/2004,56.36
02/09/2004,56.43
01/09/2004,56.39
31/08/2004,56
30/08/2004,55.68
27/08/2004,56.13
26/08/2004,55.94
25/08/2004,55.98
24/08/2004,56.25
23/08/2004,56.87
19/08/2004,57.21
18/08/2004,57.31
17/08/2004,57.34
16/08/2004,57.24
13/08/2004,56.42
12/08/2004,56.61
11/08/2004,56.73
10/08/2004,57.03
09/08/2004,56.96
06/08/2004,56.06
05/08/2004,55.9
04/08/2004,55.76
03/08/2004,55.61
02/08/2004,55.92
30/07/2004,55.95
29/07/2004,56.08
28/07/2004,55.89
27/07/2004,56.12
26/07/2004,56.06
23/07/2004,56.5
22/07/2004,56.58
21/07/2004,56.77
20/07/2004,57.31
19/07/2004,57.15
16/07/2004,57.04
15/07/2004,57.01
14/07/2004,56.66
13/07/2004,56.62
12/07/2004,56.59
09/07/2004,56.77
08/07/2004,56.48
07/07/2004,56.73
06/07/2004,56.61
05/07/2004,56.34
02/07/2004,55.89
01/07/2004,55.79
30/06/2004,55.54
29/06/2004,55.87
28/06/2004,55.64
25/06/2004,55.81
24/06/2004,55.31
23/06/2004,56.09
22/06/2004,55.85
21/06/2004,55.51
18/06/2004,54.7
17/06/2004,54.79
16/06/2004,55.21
15/06/2004,54.62
14/06/2004,54.17
11/06/2004,54.14
10/06/2004,54.35
09/06/2004,55.05
08/06/2004,55.62
07/06/2004,55.51
04/06/2004,55.14
03/06/2004,55.31
02/06/2004,55.77
01/06/2004,55.65
31/05/2004,55.58
28/05/2004,55.72
27/05/2004,55.29
26/05/2004,54.89
25/05/2004,54.6
24/05/2004,54.2
21/05/2004,54.39
20/05/2004,53.94
19/05/2004,54.42
18/05/2004,54.47
17/05/2004,55
14/05/2004,53.72
13/05/2004,53.5
12/05/2004,53.86
11/05/2004,53.83
10/05/2004,53.22
07/05/2004,53.88
06/05/2004,54.34
05/05/2004,54.25
03/05/2004,53.83
30/04/2004,53.02
29/04/2004,52.46
28/04/2004,52.53
27/04/2004,52.38
23/04/2004,52.62
22/04/2004,52.02
21/04/2004,52.05
20/04/2004,52.47
19/04/2004,52.81
16/04/2004,52.63
15/04/2004,52.47
13/04/2004,52.6
12/04/2004,52.65
08/04/2004,53.19
07/04/2004,52.53
06/04/2004,52.61
05/04/2004,52.78
02/04/2004,53.96
31/03/2004,53.1
29/03/2004,53.23
26/03/2004,54.24
25/03/2004,54.32
24/03/2004,55.19
23/03/2004,55.51
22/03/2004,55.38
19/03/2004,56.03
18/03/2004,55.52
17/03/2004,55.5
16/03/2004,55.57
15/03/2004,55.38
12/03/2004,55.52
11/03/2004,55.26
10/03/2004,55.64
09/03/2004,56.27
08/03/2004,56.04
05/03/2004,55.32
04/03/2004,55.24
03/03/2004,55.12
01/03/2004,56.65
27/02/2004,56.29
26/02/2004,56.53
25/02/2004,57.42
24/02/2004,56.77
23/02/2004,56.68
20/02/2004,57.5
19/02/2004,57.57
17/02/2004,57.81
16/02/2004,57.63
13/02/2004,58.06
12/02/2004,58.04
11/02/2004,57.5
10/02/2004,57.67
09/02/2004,57.63
06/02/2004,56.79
05/02/2004,56.74
04/02/2004,56.84
03/02/2004,56.47
30/01/2004,56.13
29/01/2004,56.51
28/01/2004,57.31
27/01/2004,56.57
23/01/2004,57.71
22/01/2004,57.49
21/01/2004,57.15
20/01/2004,56.29
19/01/2004,56.25
16/01/2004,57.21
15/01/2004,57.52
14/01/2004,57.81
13/01/2004,57.98
12/01/2004,58.3
09/01/2004,57.95
08/01/2004,57.36
07/01/2004,58.07
06/01/2004,57.88
05/01/2004,57.75
02/01/2004,57.3
01/01/2004,57.41
31/12/2003,57.31
30/12/2003,57.02
29/12/2003,56.88
26/12/2003,56.77
24/12/2003,56.57
23/12/2003,56.56
22/12/2003,56.45
19/12/2003,56.54
18/12/2003,56.45
17/12/2003,56.08
16/12/2003,56.19
15/12/2003,55.56
12/12/2003,55.62
11/12/2003,55.51
10/12/2003,55.62
09/12/2003,55.69
08/12/2003,55.41
05/12/2003,55.14
04/12/2003,55.03
03/12/2003,55.15
02/12/2003,54.77
01/12/2003,54.82
28/11/2003,54.8
27/11/2003,54.73
25/11/2003,54.18
24/11/2003,54.64
21/11/2003,54.52
20/11/2003,54.49
19/11/2003,54.47
18/11/2003,53.62
17/11/2003,53.5
14/11/2003,53.43
13/11/2003,52.86
12/11/2003,52.41
11/11/2003,51.98
10/11/2003,52.17
07/11/2003,51.7
06/11/2003,51.87
05/11/2003,52.09
04/11/2003,51.92
03/11/2003,52.47
31/10/2003,52.66
30/10/2003,52.86
29/10/2003,52.99
28/10/2003,53.17
27/10/2003,53.29
24/10/2003,53.51
23/10/2003,53.59
22/10/2003,53.07
21/10/2003,52.71
20/10/2003,52.82
17/10/2003,52.5
16/10/2003,52.65
15/10/2003,53.62
14/10/2003,52.84
13/10/2003,53.37
10/10/2003,53.12
09/10/2003,53.73
08/10/2003,53.51
07/10/2003,53.16
06/10/2003,52.42
03/10/2003,53.16
01/10/2003,53.35
29/09/2003,52.54
26/09/2003,52.63
25/09/2003,52.68
24/09/2003,52.43
23/09/2003,52.49
22/09/2003,52.32
19/09/2003,51.74
18/09/2003,52
17/09/2003,51.25
16/09/2003,51.74
15/09/2003,51.51
12/09/2003,51.18
11/09/2003,51.44
10/09/2003,51.36
09/09/2003,50.9
08/09/2003,50.78
05/09/2003,50.31
04/09/2003,49.74
03/09/2003,49.5
02/09/2003,50.04
01/09/2003,50.44
29/08/2003,49.91
28/08/2003,49.69
27/08/2003,49.81
26/08/2003,49.77
25/08/2003,49.88
22/08/2003,50.01
21/08/2003,50.72
20/08/2003,50.93
19/08/2003,50.97
18/08/2003,51.48
14/08/2003,51.97
13/08/2003,51.64
12/08/2003,52.2
11/08/2003,51.84
08/08/2003,52.31
07/08/2003,52.1
06/08/2003,52.57
05/08/2003,52.41
04/08/2003,51.98
01/08/2003,51.78
31/07/2003,52.31
30/07/2003,52.77
29/07/2003,53.08
28/07/2003,52.87
25/07/2003,52.88
24/07/2003,53.01
23/07/2003,52.45
22/07/2003,52.39
21/07/2003,52.17
18/07/2003,51.93
17/07/2003,51.9
16/07/2003,51.51
15/07/2003,52.07
14/07/2003,51.9
11/07/2003,52.28
10/07/2003,52.47
09/07/2003,52.47
08/07/2003,52.46
07/07/2003,53.01
04/07/2003,53.11
03/07/2003,53.48
02/07/2003,53.7
01/07/2003,53.57
30/06/2003,53.12
27/06/2003,53.13
26/06/2003,53.45
25/06/2003,53.66
24/06/2003,53.82
23/06/2003,53.91
20/06/2003,54.52
19/06/2003,54.17
18/06/2003,54.85
17/06/2003,55.34
16/06/2003,55.33
13/06/2003,54.96
12/06/2003,54.91
11/06/2003,54.76
10/06/2003,54.9
09/06/2003,54.82
06/06/2003,55.44
05/06/2003,54.69
04/06/2003,54.92
03/06/2003,55.3
02/06/2003,55.26
30/05/2003,55.83
29/05/2003,55.22
28/05/2003,55.56
27/05/2003,55.47
26/05/2003,55.41
23/05/2003,54.81
22/05/2003,54.58
21/05/2003,54.8
20/05/2003,54.77
19/05/2003,55.06
14/05/2003,54.16
13/05/2003,54.27
12/05/2003,54.53
09/05/2003,54.22
08/05/2003,53.53
07/05/2003,53.92
06/05/2003,53.41
05/05/2003,53.08
02/05/2003,53.18
30/04/2003,52.71
29/04/2003,51.98
28/04/2003,52.42
25/04/2003,52.16
24/04/2003,52.16
23/04/2003,51.91
22/04/2003,51.55
21/04/2003,51.5
17/04/2003,51.82
16/04/2003,51.2
10/04/2003,51.15
09/04/2003,51
08/04/2003,50.67
07/04/2003,50.32
04/04/2003,50.83
03/04/2003,51.09
31/03/2003,51.44
28/03/2003,50.81
27/03/2003,50.86
26/03/2003,50.62
25/03/2003,50.96
24/03/2003,50.61
21/03/2003,50.58
20/03/2003,50.62
19/03/2003,50.66
17/03/2003,51.6
13/03/2003,51.84
12/03/2003,52.53
11/03/2003,52.54
10/03/2003,52.53
07/03/2003,52.41
06/03/2003,52.24
05/03/2003,52.24
04/03/2003,52.04
03/03/2003,51.38
28/02/2003,51.25
27/02/2003,51.46
26/02/2003,51.29
25/02/2003,51.57
24/02/2003,51.18
21/02/2003,51.65
20/02/2003,51.35
19/02/2003,51.17
18/02/2003,51.21
17/02/2003,51.2
14/02/2003,51.88
12/02/2003,51.34
11/02/2003,51.15
10/02/2003,51.53
07/02/2003,51.59
06/02/2003,51.51
05/02/2003,52.03
04/02/2003,51.48
03/02/2003,51.31
31/01/2003,51.63
30/01/2003,51.79
29/01/2003,52.04
28/01/2003,51.86
27/01/2003,51.9
24/01/2003,51.55
23/01/2003,51.38
22/01/2003,51.41
21/01/2003,51.05
20/01/2003,50.98
17/01/2003,50.9
16/01/2003,50.7
15/01/2003,50.54
14/01/2003,50.57
13/01/2003,50.65
10/01/2003,50.35
09/01/2003,50.43
08/01/2003,50.01
07/01/2003,50.12
06/01/2003,50.11
03/01/2003,49.76
02/01/2003,50.27
01/01/2003,50.31
31/12/2002,50.34
30/12/2002,50.06
27/12/2002,49.91
26/12/2002,49.57
24/12/2002,49.29
23/12/2002,49.3
20/12/2002,49.35
19/12/2002,49.34
18/12/2002,49.48
17/12/2002,49.49
16/12/2002,49.22
13/12/2002,49.04
12/12/2002,48.63
11/12/2002,48.6
10/12/2002,48.66
09/12/2002,48.75
06/12/2002,48.36
05/12/2002,48.22
04/12/2002,48.19
03/12/2002,48.1
02/12/2002,47.97
29/11/2002,47.96
28/11/2002,47.78
27/11/2002,47.91
26/11/2002,47.82
25/11/2002,47.98
22/11/2002,48.33
21/11/2002,48.24
20/11/2002,48.33
18/11/2002,48.7
15/11/2002,48.43
14/11/2002,48.58
13/11/2002,48.83
12/11/2002,48.73
11/11/2002,48.86
08/11/2002,48.66
07/11/2002,48.54
06/11/2002,48.18
05/11/2002,48.22
01/11/2002,47.87
31/10/2002,47.77
30/10/2002,47.54
29/10/2002,47.68
28/10/2002,47.14
25/10/2002,47.31
24/10/2002,47.2
23/10/2002,47.29
22/10/2002,47.06
21/10/2002,47.04
18/10/2002,46.98
17/10/2002,47.33
16/10/2002,47.5
14/10/2002,47.77
11/10/2002,47.7
10/10/2002,47.81
09/10/2002,47.35
08/10/2002,47.5
07/10/2002,47.33
04/10/2002,47.69
03/10/2002,47.75
01/10/2002,47.76
27/09/2002,47.25
26/09/2002,47.34
25/09/2002,47.51
24/09/2002,47.32
23/09/2002,47.49
20/09/2002,47.65
19/09/2002,47.34
18/09/2002,46.92
17/09/2002,46.75
16/09/2002,46.96
13/09/2002,47.58
12/09/2002,47.26
11/09/2002,47.27
09/09/2002,47.66
06/09/2002,48.18
05/09/2002,48.18
04/09/2002,48.26
03/09/2002,47.82
02/09/2002,47.56
30/08/2002,47.74
29/08/2002,47.61
28/08/2002,47.58
27/08/2002,47.3
26/08/2002,47.08
23/08/2002,46.97
22/08/2002,47.41
21/08/2002,47.74
20/08/2002,47.47
19/08/2002,47.86
16/08/2002,47.63
14/08/2002,47.93
13/08/2002,47.54
12/08/2002,47.34
09/08/2002,47.18
08/08/2002,47.46
07/08/2002,47.13
06/08/2002,47.58
05/08/2002,47.83
02/08/2002,47.98
01/08/2002,47.55
31/07/2002,47.77
30/07/2002,47.73
29/07/2002,48.1
26/07/2002,48.69
25/07/2002,48.69
24/07/2002,48.24
23/07/2002,48.61
22/07/2002,49.29
19/07/2002,49.55
18/07/2002,49.1
17/07/2002,49.4
16/07/2002,49.11
15/07/2002,48.55
12/07/2002,48.1
11/07/2002,48.27
10/07/2002,48.48
09/07/2002,48.23
08/07/2002,48.13
05/07/2002,47.56
04/07/2002,47.65
03/07/2002,47.88
02/07/2002,48.06
01/07/2002,48.55
28/06/2002,48.29
27/06/2002,48.07
26/06/2002,48.31
25/06/2002,47.48
24/06/2002,47.5
21/06/2002,47.23
20/06/2002,46.87
19/06/2002,46.72
18/06/2002,46.36
17/06/2002,46.34
14/06/2002,46.33
13/06/2002,46.24
12/06/2002,46.43
11/06/2002,46.23
10/06/2002,46.11
07/06/2002,46.46
06/06/2002,45.82
05/06/2002,46.11
04/06/2002,46.16
03/06/2002,45.72
31/05/2002,45.99
30/05/2002,45.88
29/05/2002,45.5
28/05/2002,45.15
27/05/2002,45.09
24/05/2002,45.11
23/05/2002,45.33
22/05/2002,45.14
21/05/2002,45
20/05/2002,45.14
17/05/2002,44.77
16/05/2002,44.71
15/05/2002,44.2
14/05/2002,44.48
13/05/2002,44.92
10/05/2002,44.7
09/05/2002,44.34
08/05/2002,44.7
07/05/2002,44.97
06/05/2002,44.84
03/05/2002,44.23
02/05/2002,44.36
30/04/2002,44.22
29/04/2002,44.16
26/04/2002,44
24/04/2002,43.57
23/04/2002,43.44
22/04/2002,43.48
19/04/2002,43.55
18/04/2002,43.55
17/04/2002,43.23
16/04/2002,43.08
15/04/2002,43.1
12/04/2002,43.05
11/04/2002,43.03
10/04/2002,43.1
09/04/2002,42.73
08/04/2002,42.9
05/04/2002,42.89
04/04/2002,43.07
03/04/2002,42.95
02/04/2002,42.9
28/03/2002,42.64
27/03/2002,42.77
26/03/2002,42.77
22/03/2002,43.01
21/03/2002,43.14
20/03/2002,42.93
19/03/2002,42.99
18/03/2002,42.86
15/03/2002,43.03
14/03/2002,42.76
13/03/2002,42.62
11/03/2002,42.62
08/03/2002,42.91
07/03/2002,42.77
06/03/2002,42.39
05/03/2002,42.36
04/03/2002,42.18
01/03/2002,42.27
28/02/2002,42.2
27/02/2002,42.15
26/02/2002,42.44
25/02/2002,42.7
22/02/2002,42.35
21/02/2002,42.35
20/02/2002,42.65
19/02/2002,42.36
18/02/2002,42.5
15/02/2002,42.53
14/02/2002,42.45
13/02/2002,42.62
12/02/2002,42.69
11/02/2002,42.53
08/02/2002,42.41
07/02/2002,42.17
06/02/2002,42.25
05/02/2002,42.37
04/02/2002,41.85
01/02/2002,41.68
31/01/2002,41.9
30/01/2002,41.99
29/01/2002,41.66
28/01/2002,41.84
25/01/2002,42.4
24/01/2002,42.43
23/01/2002,42.84
22/01/2002,42.62
21/01/2002,42.71
18/01/2002,42.55
17/01/2002,42.65
16/01/2002,42.65
15/01/2002,43.13
14/01/2002,43.29
11/01/2002,43.16
10/01/2002,43.14
09/01/2002,43.1
08/01/2002,43.09
07/01/2002,43.31
04/01/2002,43.44
03/01/2002,43.62
02/01/2002,43.2
01/01/2002,42.9
31/12/2001,42.6682
28/12/2001,42.7205
27/12/2001,42.2798
26/12/2001,42.2511
24/12/2001,42.5492
21/12/2001,43.102
20/12/2001,42.9423
19/12/2001,43.1137
18/12/2001,43.1366
14/12/2001,42.8652
13/12/2001,43.0202
12/12/2001,42.8664
11/12/2001,42.6196
10/12/2001,42.6315
07/12/2001,42.7546
06/12/2001,42.5273
05/12/2001,42.719
04/12/2001,42.6594
03/12/2001,42.9021
29/11/2001,42.5839
28/11/2001,42.5208
27/11/2001,42.3424
26/11/2001,42.2408
23/11/2001,42.268
22/11/2001,42.1015
21/11/2001,42.2496
20/11/2001,42.216
19/11/2001,42.2975
15/11/2001,42.3656
13/11/2001,42.8146
12/11/2001,42.8911
09/11/2001,42.7443
08/11/2001,43.0434
07/11/2001,43.1796
06/11/2001,43.0699
05/11/2001,43.0597
02/11/2001,43.3758
01/11/2001,43.236
31/10/2001,43.4968
30/10/2001,43.4051
29/10/2001,42.9085
25/10/2001,42.887
24/10/2001,42.8314
23/10/2001,42.7793
22/10/2001,43.2102
19/10/2001,43.3657
18/10/2001,43.3914
17/10/2001,43.5053
16/10/2001,43.493
15/10/2001,43.8163
12/10/2001,43.3489
11/10/2001,43.7769
10/10/2001,43.9052
09/10/2001,44.377
08/10/2001,44.208
05/10/2001,44.0908
04/10/2001,43.8738
03/10/2001,44.1975
01/10/2001,43.6115
28/09/2001,43.7943
27/09/2001,43.9941
26/09/2001,44.2004
25/09/2001,43.8836
24/09/2001,43.8008
21/09/2001,44.2556
20/09/2001,44.6189
19/09/2001,44.3462
18/09/2001,44.3057
17/09/2001,44.6629
14/09/2001,43.4094
13/09/2001,43.1069
12/09/2001,43.2633
11/09/2001,42.6101
10/09/2001,42.7364
07/09/2001,42.2383
06/09/2001,41.8498
05/09/2001,41.8757
04/09/2001,42.4558
03/09/2001,42.8671
31/08/2001,43.3474
30/08/2001,42.8668
29/08/2001,42.9778
28/08/2001,42.7297
27/08/2001,42.9236
24/08/2001,43.1549
23/08/2001,43.0653
20/08/2001,43.329
17/08/2001,43.0226
16/08/2001,43.1478
14/08/2001,42.3397
13/08/2001,42.1724
10/08/2001,42.024
09/08/2001,41.5751
08/08/2001,41.2829
07/08/2001,41.4403
06/08/2001,41.5009
03/08/2001,41.4998
02/08/2001,41.5551
01/08/2001,41.5145
31/07/2001,41.2933
30/07/2001,41.1956
27/07/2001,41.4772
26/07/2001,41.5598
25/07/2001,41.1775
24/07/2001,41.0832
23/07/2001,40.9913
20/07/2001,41.0721
19/07/2001,41.14
18/07/2001,40.5876
17/07/2001,40.0525
16/07/2001,40.3359
13/07/2001,40.1732
12/07/2001,40.4592
11/07/2001,40.3006
10/07/2001,40.1214
09/07/2001,40.0586
06/07/2001,39.5188
05/07/2001,39.7848
04/07/2001,39.9304
03/07/2001,39.962
02/07/2001,39.8706
29/06/2001,39.777
28/06/2001,40.3534
27/06/2001,40.6002
26/06/2001,40.6261
25/06/2001,40.3527
22/06/2001,40.1724
21/06/2001,40.1803
20/06/2001,40.0827
19/06/2001,40.3402
18/06/2001,40.5735
15/06/2001,40.554
14/06/2001,40.1736
13/06/2001,40.0898
12/06/2001,39.6355
11/06/2001,40.0084
08/06/2001,39.8244
07/06/2001,39.832
06/06/2001,40.2438
04/06/2001,40.0751
01/06/2001,39.8702
31/05/2001,40.0449
30/05/2001,40.2729
29/05/2001,40.1758
28/05/2001,40.3707
25/05/2001,40.4122
24/05/2001,40.236
23/05/2001,40.6534
22/05/2001,41.1684
21/05/2001,41.3624
18/05/2001,41.3659
17/05/2001,41.4973
16/05/2001,41.0849
15/05/2001,41.1109
14/05/2001,41.0023
11/05/2001,41.2808
10/05/2001,41.5396
09/05/2001,41.4516
08/05/2001,41.6398
04/05/2001,41.7232
03/05/2001,42.0479
02/05/2001,41.8201
30/04/2001,41.7241
27/04/2001,42.3521
26/04/2001,42.1107
25/04/2001,41.8886
24/04/2001,42.0436
23/04/2001,42.3309
20/04/2001,41.9917
19/04/2001,41.5799
18/04/2001,41.2543
17/04/2001,41.7493
16/04/2001,41.7357
12/04/2001,41.6149
11/04/2001,41.9336
10/04/2001,41.7294
09/04/2001,42.0463
04/04/2001,41.7339
03/04/2001,41.2577
30/03/2001,41.0175
29/03/2001,41.3641
28/03/2001,41.6666
27/03/2001,41.7595
23/03/2001,41.4943
22/03/2001,41.8463
21/03/2001,42.3966
20/03/2001,42.037
19/03/2001,41.8226
16/03/2001,41.898
15/03/2001,42.4212
14/03/2001,42.6863
13/03/2001,43.2517
12/03/2001,43.4242
09/03/2001,43.3776
08/03/2001,43.2775
07/03/2001,43.5427
05/03/2001,43.4149
02/03/2001,43.2985
01/03/2001,42.9495
28/02/2001,42.8043
27/02/2001,42.605
26/02/2001,42.818
23/02/2001,42.1759
22/02/2001,42.2584
20/02/2001,42.9817
16/02/2001,42.1908
15/02/2001,42.8325
14/02/2001,42.9023
13/02/2001,43.3264
12/02/2001,43.1776
09/02/2001,42.6529
08/02/2001,43.1265
07/02/2001,43.0917
06/02/2001,43.4698
05/02/2001,43.5999
02/02/2001,43.6068
01/02/2001,43.6694
31/01/2001,43.0197
30/01/2001,42.6246
29/01/2001,42.9914
25/01/2001,42.8524
24/01/2001,43.3536
23/01/2001,43.6501
22/01/2001,43.4373
19/01/2001,43.9199
18/01/2001,43.5164
17/01/2001,43.7948
16/01/2001,43.7056
15/01/2001,44.1221
12/01/2001,44.5708
11/01/2001,43.8485
10/01/2001,44.0115
09/01/2001,44.0774
08/01/2001,44.694
05/01/2001,44.6951
04/01/2001,43.5033
03/01/2001,44.4467
02/01/2001,43.8372
01/01/2001,43.9467
29/12/2000,43.4144
27/12/2000,43.4754
26/12/2000,43.2374
22/12/2000,42.761
21/12/2000,42.373
20/12/2000,41.9653
19/12/2000,41.7798
18/12/2000,42.0489
15/12/2000,41.7633
14/12/2000,41.0904
13/12/2000,41.015
12/12/2000,41.0804
11/12/2000,41.3101
08/12/2000,41.586
07/12/2000,41.8241
06/12/2000,41.1569
05/12/2000,41.5046
04/12/2000,41.1542
01/12/2000,41.0289
30/11/2000,40.2613
29/11/2000,40.2316
28/11/2000,40.0417
27/11/2000,39.4257
24/11/2000,39.331
23/11/2000,39.5371
22/11/2000,39.7001
21/11/2000,39.8683
20/11/2000,39.7466
17/11/2000,40.0584
16/11/2000,40.1911
15/11/2000,40.1559
14/11/2000,40.2425
13/11/2000,40.4217
10/11/2000,40.5166
09/11/2000,39.9051
08/11/2000,40.2258
07/11/2000,40.2846
06/11/2000,40.3786
03/11/2000,40.1441
02/11/2000,40.2393
01/11/2000,39.7832
31/10/2000,39.2863
30/10/2000,39.4444
27/10/2000,38.8625
25/10/2000,38.8712
24/10/2000,38.7923
23/10/2000,38.994
20/10/2000,39.1828
19/10/2000,38.9334
18/10/2000,39.6538
17/10/2000,39.355
16/10/2000,39.5573
13/10/2000,40.077
12/10/2000,40.1328
11/10/2000,40.4785
10/10/2000,40.1216
09/10/2000,40.1103
06/10/2000,40.1272
05/10/2000,40.3149
04/10/2000,40.3928
03/10/2000,40.4425
29/09/2000,40.4725
28/09/2000,40.7616
27/09/2000,40.7989
26/09/2000,40.2951
23/09/2000,40.5574
22/09/2000,39.5988
21/09/2000,39.2492
20/09/2000,39.2616
19/09/2000,39.3887
18/09/2000,39.1421
15/09/2000,39.571
14/09/2000,39.2049
13/09/2000,39.5585
12/09/2000,39.1522
11/09/2000,39.6205
08/09/2000,39.8095
07/09/2000,39.6977
06/09/2000,40.3766
05/09/2000,40.999
04/09/2000,41.1959
31/08/2000,40.92
30/08/2000,40.9033
29/08/2000,41.2705
28/08/2000,41.421
25/08/2000,41.2574
24/08/2000,41.351
23/08/2000,40.8065
22/08/2000,41.2623
18/08/2000,41.9184
17/08/2000,41.9139
16/08/2000,41.8611
14/08/2000,41.2708
11/08/2000,41.7871
10/08/2000,41.2787
09/08/2000,41.0372
08/08/2000,41.5069
07/08/2000,41.3411
04/08/2000,41.0462
03/08/2000,41.6094
02/08/2000,41.5156
01/08/2000,41.7565
31/07/2000,41.5775
28/07/2000,41.8846
27/07/2000,42.3295
26/07/2000,42.2725
25/07/2000,42.0253
24/07/2000,41.8713
21/07/2000,42.0014
20/07/2000,41.4047
19/07/2000,41.4327
18/07/2000,41.8632
17/07/2000,41.8821
14/07/2000,41.8597
13/07/2000,42.0515
11/07/2000,42.6946
10/07/2000,42.5695
07/07/2000,42.4354
06/07/2000,42.7104
05/07/2000,42.618
04/07/2000,42.3606
03/07/2000,42.5482
30/06/2000,42.5443
29/06/2000,42.1417
28/06/2000,42.2288
27/06/2000,42.0233
26/06/2000,41.8058
23/06/2000,41.9036
22/06/2000,42.2785
21/06/2000,42.4906
20/06/2000,42.7939
19/06/2000,43.1661
16/06/2000,42.5125
14/06/2000,43.0624
13/06/2000,42.9082
12/06/2000,42.541
09/06/2000,42.6988
08/06/2000,42.8992
07/06/2000,42.7326
06/06/2000,42.2869
05/06/2000,42.1121
02/06/2000,41.7768
01/06/2000,41.7599
31/05/2000,41.3992
30/05/2000,41.4839
29/05/2000,41.2763
26/05/2000,40.6013
25/05/2000,40.0138
24/05/2000,39.9425
23/05/2000,39.7772
22/05/2000,39.4368
19/05/2000,39.3066
17/05/2000,39.6275
16/05/2000,39.9377
15/05/2000,40.3828
12/05/2000,39.5914
11/05/2000,39.8232
10/05/2000,39.6589
09/05/2000,39.1328
08/05/2000,39.4182
05/05/2000,39.0076
04/05/2000,38.8546
03/05/2000,39.6008
02/05/2000,39.9154
28/04/2000,39.7852
27/04/2000,40.2285
26/04/2000,40.2771
25/04/2000,40.9685
24/04/2000,40.992
21/04/2000,41.1083
20/04/2000,41.1083
19/04/2000,41.3206
18/04/2000,41.4164
17/04/2000,42.1336
14/04/2000,42.1336
13/04/2000,41.7833
11/04/2000,42.0274
10/04/2000,41.6892
07/04/2000,41.799
06/04/2000,41.9692
04/04/2000,41.6771
03/04/2000,41.5179
31/03/2000,41.8463
30/03/2000,41.6146
29/03/2000,41.813
28/03/2000,42.1425
27/03/2000,42.5967
24/03/2000,42.4376
23/03/2000,41.9375
22/03/2000,41.8831
21/03/2000,42.3657
16/03/2000,42.2654
15/03/2000,42.1621
14/03/2000,42.0045
13/03/2000,42.0964
10/03/2000,42.1408
09/03/2000,41.978
08/03/2000,41.827
07/03/2000,41.8095
06/03/2000,41.7763
03/03/2000,42.1141
02/03/2000,42.517
01/03/2000,42.2726
29/02/2000,42.2601
28/02/2000,41.7101
25/02/2000,43.2694
24/02/2000,43.7025
23/02/2000,43.8904
22/02/2000,43.3163
21/02/2000,43.0311
18/02/2000,43.122
17/02/2000,43.0052
16/02/2000,42.8211
15/02/2000,42.704
14/02/2000,43.1704
11/02/2000,43.0274
10/02/2000,43.2751
09/02/2000,43.0552
08/02/2000,42.8211
07/02/2000,42.7643
04/02/2000,43.1704
03/02/2000,42.416
02/02/2000,42.3801
01/02/2000,42.2976
